time_s,position_cm,setpoint_cm,error_cm,control_signal_v
0.04787087440490723,5.03,5.0,-0.03000000000000025,4.653
0.26287412643432617,5.0,5.0,0.0,4.653
0.29541873931884766,5.03,5.0,-0.03000000000000025,4.663
0.5303671360015869,5.05,5.0,-0.04999999999999982,4.653
0.7948319911956787,5.1,5.0,-0.09999999999999964,4.653
0.8116621971130371,4.96,5.0,0.040000000000000036,4.663
1.061457633972168,5.05,5.0,-0.04999999999999982,4.653
1.327751636505127,4.98,5.0,0.019999999999999574,4.653
1.5941956043243408,5.0,5.0,0.0,4.643
1.6422502994537354,5.08,5.0,-0.08000000000000007,4.653
1.8434371948242188,5.0,5.0,0.0,4.653
1.8924434185028076,5.03,5.0,-0.03000000000000025,4.663
2.1101653575897217,5.0,5.0,0.0,4.653
2.1418094635009766,5.05,5.0,-0.04999999999999982,4.663
2.3764750957489014,5.03,5.0,-0.03000000000000025,4.653
2.643036127090454,5.05,5.0,-0.04999999999999982,4.653
2.909025192260742,4.96,5.0,0.040000000000000036,4.653
3.175523281097412,4.93,5.0,0.07000000000000028,4.653
3.224707841873169,5.0,5.0,0.0,4.653
3.425818681716919,5.0,5.0,0.0,4.653
3.691938877105713,5.08,5.0,-0.08000000000000007,4.663
3.7401628494262695,4.96,5.0,0.040000000000000036,4.663
3.957636594772339,5.08,5.0,-0.08000000000000007,4.663
4.006106853485107,5.05,5.0,-0.04999999999999982,4.653
4.2246339321136475,5.0,5.0,0.0,4.653
4.256344556808472,5.03,5.0,-0.03000000000000025,4.653
4.490551710128784,4.96,5.0,0.040000000000000036,4.663
4.522308111190796,5.03,5.0,-0.03000000000000025,4.653
4.757240056991577,5.03,5.0,-0.03000000000000025,4.653
5.005778551101685,4.96,5.0,0.040000000000000036,4.653
5.071129083633423,5.08,5.0,-0.08000000000000007,4.653
5.27217698097229,5.0,5.0,0.0,4.653
5.538896560668945,5.05,5.0,-0.04999999999999982,4.653
5.587308406829834,5.05,5.0,-0.04999999999999982,4.653
5.804905891418457,5.05,5.0,-0.04999999999999982,4.653
5.853265285491943,5.08,5.0,-0.08000000000000007,4.653
6.071038722991943,4.98,5.0,0.019999999999999574,4.653
6.1030871868133545,5.03,5.0,-0.03000000000000025,4.653
6.337086200714111,5.18,15.0,9.82,6.158
6.355350494384766,5.4,15.0,9.6,6.1
6.587495803833008,10.16,15.0,4.84,5.474
6.63995623588562,10.94,15.0,4.0600000000000005,5.367
6.693343877792358,11.87,15.0,3.130000000000001,5.239
6.746873378753662,12.31,15.0,2.6899999999999995,5.103
6.853040933609009,12.6,15.0,2.4000000000000004,5.015
6.976445198059082,12.6,15.0,2.4000000000000004,4.995
7.028989553451538,12.73,15.0,2.2699999999999996,4.995
7.0821449756622314,12.78,15.0,2.2200000000000006,5.005
7.13567328453064,12.8,15.0,2.1999999999999993,4.995
7.1889488697052,12.82,15.0,2.1799999999999997,4.976
7.312876462936401,12.87,15.0,2.130000000000001,4.966
7.418237686157227,12.92,15.0,2.08,4.976
7.471383094787598,12.92,15.0,2.08,4.966
7.524829864501953,12.82,15.0,2.1799999999999997,4.976
7.578387498855591,12.92,15.0,2.08,4.966
7.702330827713013,13.0,15.0,2.0,4.966
7.807915925979614,12.95,15.0,2.0500000000000007,4.985
7.860961437225342,12.82,15.0,2.1799999999999997,4.976
7.9137396812438965,12.95,15.0,2.0500000000000007,4.966
8.036884546279907,12.9,15.0,2.0999999999999996,4.966
8.09017539024353,12.82,15.0,2.1799999999999997,4.976
8.145914316177368,12.92,15.0,2.08,4.966
8.250251531600952,12.92,15.0,2.08,4.966
8.302989721298218,12.92,15.0,2.08,4.966
8.426300287246704,13.0,15.0,2.0,4.966
8.478626012802124,12.9,15.0,2.0999999999999996,4.966
8.532182693481445,13.02,15.0,1.9800000000000004,4.956
8.639884233474731,13.14,15.0,1.8599999999999994,4.897
8.762816667556763,13.29,15.0,1.7100000000000009,4.897
8.815108060836792,13.36,15.0,1.6400000000000006,4.888
8.868136882781982,13.41,15.0,1.5899999999999999,4.907
8.920862197875977,13.31,15.0,1.6899999999999995,4.897
9.0281081199646,13.26,15.0,1.7400000000000002,4.897
9.152074575424194,13.44,15.0,1.5600000000000005,4.897
9.204234838485718,13.26,15.0,1.7400000000000002,4.897
9.256942510604858,13.36,15.0,1.6400000000000006,4.907
9.311050415039062,13.39,15.0,1.6099999999999994,4.907
9.363778591156006,13.39,15.0,1.6099999999999994,4.897
9.486739158630371,13.29,15.0,1.7100000000000009,4.907
9.540190696716309,13.34,15.0,1.6600000000000001,4.888
9.647209167480469,13.34,15.0,1.6600000000000001,4.897
9.699920415878296,13.31,15.0,1.6899999999999995,4.888
9.752561330795288,13.39,15.0,1.6099999999999994,4.907
9.876909971237183,13.41,15.0,1.5899999999999999,4.907
9.92884349822998,13.26,15.0,1.7400000000000002,4.888
9.984681844711304,13.31,15.0,1.6899999999999995,4.897
10.035643339157104,13.39,15.0,1.6099999999999994,4.888
10.212416410446167,13.29,15.0,1.7100000000000009,4.888
10.267354965209961,13.19,15.0,1.8100000000000005,4.907
10.318085432052612,13.48,15.0,1.5199999999999996,4.897
10.371689796447754,13.34,15.0,1.6600000000000001,4.868
10.424949407577515,13.39,15.0,1.6099999999999994,4.897
10.479552745819092,13.36,15.0,1.6400000000000006,4.907
10.601110458374023,13.48,15.0,1.5199999999999996,4.907
10.654309272766113,13.39,15.0,1.6099999999999994,4.907
10.707594156265259,13.41,15.0,1.5899999999999999,4.888
10.76083493232727,13.34,15.0,1.6600000000000001,4.888
10.813369989395142,13.39,15.0,1.6099999999999994,4.907
10.937153339385986,13.39,15.0,1.6099999999999994,4.907
10.989890098571777,13.34,15.0,1.6600000000000001,4.907
11.042766094207764,13.39,15.0,1.6099999999999994,4.897
11.150035858154297,13.29,15.0,1.7100000000000009,4.907
11.203210353851318,13.19,15.0,1.8100000000000005,4.907
11.328023195266724,13.39,15.0,1.6099999999999994,4.907
11.432613134384155,13.41,15.0,1.5899999999999999,4.897
11.53888750076294,13.41,15.0,1.5899999999999999,4.907
11.661681175231934,13.34,15.0,1.6600000000000001,4.907
11.716376543045044,13.41,15.0,1.5899999999999999,4.888
11.768166065216064,13.29,15.0,1.7100000000000009,4.888
11.821741819381714,13.36,15.0,1.6400000000000006,4.907
11.874991655349731,13.26,15.0,1.7400000000000002,4.888
12.052538394927979,13.31,15.0,1.6899999999999995,4.907
12.157670021057129,13.39,15.0,1.6099999999999994,4.878
12.21044659614563,13.24,15.0,1.7599999999999998,4.888
12.263577461242676,13.29,15.0,1.7100000000000009,4.907
12.386445999145508,13.34,15.0,1.6600000000000001,4.897
12.439791440963745,13.41,15.0,1.5899999999999999,4.897
12.492922067642212,13.31,15.0,1.6899999999999995,4.897
12.599507570266724,13.34,15.0,1.6600000000000001,4.907
12.65273642539978,13.41,15.0,1.5899999999999999,4.907
12.77559208869934,13.39,15.0,1.6099999999999994,4.907
12.829330205917358,13.22,15.0,1.7799999999999994,4.907
12.882175922393799,13.44,15.0,1.5600000000000005,4.897
12.935708999633789,13.26,15.0,1.7400000000000002,4.907
13.112491607666016,13.36,15.0,1.6400000000000006,4.907
13.218018293380737,13.41,15.0,1.5899999999999999,4.907
13.271209239959717,13.39,15.0,1.6099999999999994,4.907
13.32536268234253,13.34,15.0,1.6600000000000001,4.907
13.50241732597351,13.36,15.0,1.6400000000000006,4.897
13.606980323791504,13.31,15.0,1.6899999999999995,4.907
13.66046929359436,13.31,15.0,1.6899999999999995,4.907
13.714522123336792,13.39,15.0,1.6099999999999994,4.907
13.837814807891846,13.39,15.0,1.6099999999999994,4.907
13.944507598876953,13.26,15.0,1.7400000000000002,4.907
14.050599336624146,13.36,15.0,1.6400000000000006,4.907
14.22714614868164,13.31,15.0,1.6899999999999995,4.897
14.332757472991943,13.41,15.0,1.5899999999999999,4.907
14.38602590560913,13.29,15.0,1.7100000000000009,4.888
14.441020727157593,13.41,15.0,1.5899999999999999,4.897
14.563376426696777,13.41,15.0,1.5899999999999999,4.907
14.66827392578125,13.31,15.0,1.6899999999999995,4.888
14.721933364868164,13.22,15.0,1.7799999999999994,4.907
14.775100231170654,13.41,15.0,1.5899999999999999,4.897
14.827667236328125,13.39,15.0,1.6099999999999994,4.888
14.953168630599976,13.36,15.0,1.6400000000000006,4.897
15.057453870773315,13.48,15.0,1.5199999999999996,4.907
15.110728740692139,13.39,15.0,1.6099999999999994,4.888
15.287906885147095,13.34,5.0,-8.34,3.871
15.340227603912354,13.39,5.0,-8.39,3.343
15.39508581161499,13.26,5.0,-8.26,3.294
15.446493864059448,12.21,5.0,-7.210000000000001,3.363
15.70226001739502,6.98,5.0,-1.9800000000000004,4.262
15.952027559280396,6.18,5.0,-1.1799999999999997,4.477
16.217281103134155,5.96,5.0,-0.96,4.497
16.484680652618408,5.86,5.0,-0.8600000000000003,4.516
16.534391164779663,5.86,5.0,-0.8600000000000003,4.536
16.75077486038208,5.71,5.0,-0.71,4.536
17.016759872436523,5.66,5.0,-0.6600000000000001,4.536
17.068040132522583,5.64,5.0,-0.6399999999999997,4.545
17.282353162765503,5.74,5.0,-0.7400000000000002,4.536
17.331093072891235,5.62,5.0,-0.6200000000000001,4.545
17.53273344039917,5.66,5.0,-0.6600000000000001,4.545
17.58333110809326,5.69,5.0,-0.6900000000000004,4.545
17.798821926116943,5.71,5.0,-0.71,4.545
17.847810745239258,5.71,5.0,-0.71,4.545
18.065250158309937,5.71,5.0,-0.71,4.565
18.11550235748291,5.76,5.0,-0.7599999999999998,4.545
18.33094024658203,5.42,5.0,-0.41999999999999993,4.575
18.379727602005005,5.32,5.0,-0.3200000000000003,4.594
18.59640598297119,5.37,5.0,-0.3700000000000001,4.594
18.647015810012817,5.35,5.0,-0.34999999999999964,4.614
18.86430311203003,5.35,5.0,-0.34999999999999964,4.614
19.11288619041443,5.37,5.0,-0.3700000000000001,4.614
19.161531925201416,5.4,5.0,-0.40000000000000036,4.604
19.380253314971924,5.37,5.0,-0.3700000000000001,4.614
19.64686107635498,5.35,5.0,-0.34999999999999964,4.614
19.913191080093384,5.4,5.0,-0.40000000000000036,4.594
20.178977251052856,5.3,5.0,-0.2999999999999998,4.604
20.445014715194702,5.32,5.0,-0.3200000000000003,4.604
20.712424755096436,5.37,5.0,-0.3700000000000001,4.614
20.960471868515015,5.37,5.0,-0.3700000000000001,4.604
21.22796130180359,5.37,5.0,-0.3700000000000001,4.585
21.495178937911987,5.37,5.0,-0.3700000000000001,4.604
21.76000738143921,5.32,5.0,-0.3200000000000003,4.604
22.02750301361084,5.3,5.0,-0.2999999999999998,4.604
22.293403387069702,5.35,5.0,-0.34999999999999964,4.594
22.543286085128784,5.3,5.0,-0.2999999999999998,4.604
22.60648465156555,5.37,5.0,-0.3700000000000001,4.604
22.80943536758423,5.35,5.0,-0.34999999999999964,4.604
22.874354600906372,5.37,5.0,-0.3700000000000001,4.594
23.075801134109497,5.32,5.0,-0.3200000000000003,4.545
23.339730978012085,5.27,5.0,-0.2699999999999996,4.536
23.608150720596313,5.47,5.0,-0.46999999999999975,4.555
23.872740745544434,4.88,5.0,0.1200000000000001,4.643
23.94012975692749,4.93,5.0,0.07000000000000028,4.643
24.14064049720764,4.98,5.0,0.019999999999999574,4.643
24.389434814453125,4.96,5.0,0.040000000000000036,4.653
24.656581163406372,4.88,5.0,0.1200000000000001,4.643
24.92158532142639,4.93,5.0,0.07000000000000028,4.653
24.970519304275513,4.96,5.0,0.040000000000000036,4.653
25.189565420150757,4.88,5.0,0.1200000000000001,4.653
25.45416569709778,4.98,5.0,0.019999999999999574,4.653
25.50322675704956,4.96,5.0,0.040000000000000036,4.663
25.722336053848267,4.91,5.0,0.08999999999999986,4.663
25.970397233963013,4.93,5.0,0.07000000000000028,4.643
26.018778085708618,4.93,5.0,0.07000000000000028,4.633
26.238343238830566,4.98,5.0,0.019999999999999574,4.663
26.502704620361328,4.91,5.0,0.08999999999999986,4.653
26.551907300949097,4.88,5.0,0.1200000000000001,4.643
26.77126169204712,4.93,5.0,0.07000000000000028,4.643
27.03530502319336,4.96,5.0,0.040000000000000036,4.663
27.08365273475647,4.96,5.0,0.040000000000000036,4.643
27.3028347492218,4.86,5.0,0.13999999999999968,4.653
27.567934036254883,4.96,5.0,0.040000000000000036,4.653
27.616504430770874,4.86,5.0,0.13999999999999968,4.633
27.81887459754944,4.91,5.0,0.08999999999999986,4.643
28.084113359451294,4.93,5.0,0.07000000000000028,4.653
28.351091146469116,4.88,5.0,0.1200000000000001,4.643
28.61651372909546,4.86,5.0,0.13999999999999968,4.653
28.665297985076904,4.91,5.0,0.08999999999999986,4.643
28.883999347686768,4.93,5.0,0.07000000000000028,4.653
29.15034580230713,4.93,5.0,0.07000000000000028,4.643
29.39954447746277,5.0,5.0,0.0,4.653
29.665117502212524,4.98,5.0,0.019999999999999574,4.643
29.713501691818237,5.03,5.0,-0.03000000000000025,4.643
29.93127727508545,4.86,5.0,0.13999999999999968,4.643
29.979756116867065,4.88,5.0,0.1200000000000001,4.653
30.198765754699707,4.98,5.0,0.019999999999999574,4.653
30.248371362686157,4.96,5.0,0.040000000000000036,4.653
30.464852333068848,4.96,5.0,0.040000000000000036,4.653
30.73082971572876,4.81,5.0,0.1900000000000004,4.643
30.980576515197754,4.91,5.0,0.08999999999999986,4.643
31.246330738067627,4.86,5.0,0.13999999999999968,4.643
31.31358528137207,4.93,15.0,10.07,4.663
31.51328992843628,5.25,15.0,9.75,7.82
31.713985443115234,10.31,15.0,4.6899999999999995,6.569
31.83610248565674,13.92,15.0,1.08,5.367
31.888493537902832,14.58,15.0,0.41999999999999993,4.995
31.995830297470093,14.61,15.0,0.39000000000000057,4.78
32.10235548019409,14.63,15.0,0.3699999999999992,4.77
32.225319385528564,14.8,15.0,0.1999999999999993,4.78
32.33167481422424,14.68,15.0,0.3200000000000003,4.78
32.38638639450073,14.63,15.0,0.3699999999999992,4.79
32.56210684776306,14.73,15.0,0.2699999999999996,4.79
32.66723322868347,14.71,15.0,0.28999999999999915,4.77
32.72067713737488,14.8,15.0,0.1999999999999993,4.761
32.77481412887573,14.83,15.0,0.16999999999999993,4.77
32.82656669616699,14.78,15.0,0.22000000000000064,4.77
32.95070433616638,14.66,15.0,0.33999999999999986,4.77
33.05769753456116,14.73,15.0,0.2699999999999996,4.751
33.16362404823303,14.73,15.0,0.2699999999999996,4.761
33.28685545921326,14.68,15.0,0.3200000000000003,4.78
33.39199686050415,14.73,15.0,0.2699999999999996,4.77
33.499143838882446,14.8,15.0,0.1999999999999993,4.78
33.55232238769531,14.78,15.0,0.22000000000000064,4.761
33.674821853637695,14.76,15.0,0.2400000000000002,4.78
33.72849369049072,14.76,15.0,0.2400000000000002,4.761
33.78136992454529,14.73,15.0,0.2699999999999996,4.78
33.83466124534607,14.8,15.0,0.1999999999999993,4.8
34.01210570335388,14.8,15.0,0.1999999999999993,4.77
34.11765694618225,14.8,15.0,0.1999999999999993,4.8
34.17019271850586,14.83,15.0,0.16999999999999993,4.78
34.22434687614441,14.73,15.0,0.2699999999999996,4.761
34.27803111076355,14.68,15.0,0.3200000000000003,4.78
34.401118755340576,14.76,15.0,0.2400000000000002,4.8
34.50715684890747,14.78,15.0,0.22000000000000064,4.79
34.55966925621033,14.71,15.0,0.28999999999999915,4.77
34.61307239532471,14.8,15.0,0.1999999999999993,4.78
34.73643517494202,14.78,15.0,0.22000000000000064,4.79
34.78889560699463,14.71,15.0,0.28999999999999915,4.77
34.89659595489502,14.73,15.0,0.2699999999999996,4.761
35.0020170211792,14.73,15.0,0.2699999999999996,4.761
35.1263108253479,14.85,15.0,0.15000000000000036,4.77
35.23190903663635,14.66,15.0,0.33999999999999986,4.79
35.284889221191406,14.85,15.0,0.15000000000000036,4.8
35.46236181259155,14.78,15.0,0.22000000000000064,4.761
35.5677011013031,14.85,15.0,0.15000000000000036,4.761
35.620185136795044,14.73,15.0,0.2699999999999996,4.78
35.67455005645752,14.71,15.0,0.28999999999999915,4.78
35.73062038421631,14.71,15.0,0.28999999999999915,4.77
35.850409269332886,14.68,15.0,0.3200000000000003,4.78
35.95719838142395,14.83,15.0,0.16999999999999993,4.761
36.00942850112915,14.76,15.0,0.2400000000000002,4.761
36.06347703933716,14.78,15.0,0.22000000000000064,4.77
36.187750816345215,14.73,15.0,0.2699999999999996,4.79
36.292354345321655,14.73,15.0,0.2699999999999996,4.78
36.39886927604675,14.9,15.0,0.09999999999999964,4.78
36.452505111694336,14.68,15.0,0.3200000000000003,4.761
36.57579565048218,14.83,15.0,0.16999999999999993,4.78
36.6815505027771,14.78,15.0,0.22000000000000064,4.79
36.73479771614075,14.78,15.0,0.22000000000000064,4.751
36.91230821609497,14.83,15.0,0.16999999999999993,4.78
37.017414569854736,14.83,15.0,0.16999999999999993,4.761
37.071073055267334,14.58,15.0,0.41999999999999993,4.77
37.124244928359985,14.76,15.0,0.2400000000000002,4.79
37.177433013916016,14.83,15.0,0.16999999999999993,4.78
37.30073261260986,14.83,15.0,0.16999999999999993,4.78
37.40676474571228,14.76,15.0,0.2400000000000002,4.77
37.46123647689819,14.76,15.0,0.2400000000000002,4.761
37.514607429504395,14.71,15.0,0.28999999999999915,4.8
37.63640260696411,14.8,15.0,0.1999999999999993,4.77
37.74250769615173,14.8,15.0,0.1999999999999993,4.77
37.84899187088013,14.73,15.0,0.2699999999999996,4.78
38.027050256729126,14.73,15.0,0.2699999999999996,4.78
38.13199067115784,14.73,15.0,0.2699999999999996,4.77
38.188072204589844,14.73,15.0,0.2699999999999996,4.78
38.36226534843445,14.78,15.0,0.22000000000000064,4.761
38.46788001060486,14.78,15.0,0.22000000000000064,4.761
38.521000385284424,14.78,15.0,0.22000000000000064,4.79
38.57406401634216,14.88,15.0,0.11999999999999922,4.77
38.62753510475159,14.76,15.0,0.2400000000000002,4.78
38.75062942504883,14.76,15.0,0.2400000000000002,4.77
38.857266902923584,14.78,15.0,0.22000000000000064,4.77
38.909961223602295,14.8,15.0,0.1999999999999993,4.78
38.96313428878784,14.8,15.0,0.1999999999999993,4.78
39.08778762817383,14.71,15.0,0.28999999999999915,4.761
39.19263243675232,14.85,15.0,0.15000000000000036,4.761
39.24631214141846,14.78,15.0,0.22000000000000064,4.77
39.30113387107849,14.68,15.0,0.3200000000000003,4.809
39.4772686958313,14.8,15.0,0.1999999999999993,4.77
39.582043409347534,14.73,15.0,0.2699999999999996,4.761
39.636502504348755,14.71,15.0,0.28999999999999915,4.77
39.811927318573,14.78,15.0,0.22000000000000064,4.8
39.91791081428528,14.73,15.0,0.2699999999999996,4.751
39.97120690345764,14.8,15.0,0.1999999999999993,4.8
40.023961305618286,14.76,15.0,0.2400000000000002,4.77
40.07752299308777,14.78,15.0,0.22000000000000064,4.77
40.201037883758545,14.76,15.0,0.2400000000000002,4.79
40.306516885757446,14.85,15.0,0.15000000000000036,4.79
40.36004877090454,14.76,15.0,0.2400000000000002,4.77
40.414053440093994,14.76,15.0,0.2400000000000002,4.77
40.53643345832825,14.8,15.0,0.1999999999999993,4.761
40.58998346328735,14.73,15.0,0.2699999999999996,4.79
40.643752336502075,14.8,15.0,0.1999999999999993,4.8
40.74981880187988,14.83,15.0,0.16999999999999993,4.761
40.92649483680725,14.71,15.0,0.28999999999999915,4.78
41.031414270401,14.8,15.0,0.1999999999999993,4.79
41.13795566558838,14.73,5.0,-9.73,4.761
41.26114511489868,14.68,5.0,-9.68,1.613
41.314897775650024,13.19,5.0,-8.19,1.642
41.36804008483887,11.85,5.0,-6.85,2.033
41.42091917991638,10.14,5.0,-5.140000000000001,2.581
41.67201590538025,4.47,5.0,0.5300000000000002,4.79
41.93771052360535,4.32,5.0,0.6799999999999997,4.907
41.987119913101196,4.27,5.0,0.7300000000000004,4.907
42.188517808914185,4.32,5.0,0.6799999999999997,4.888
42.45383405685425,4.37,5.0,0.6299999999999999,4.917
42.720707654953,4.3,5.0,0.7000000000000002,4.907
42.98703980445862,4.37,5.0,0.6299999999999999,4.907
43.253679513931274,4.42,5.0,0.5800000000000001,4.907
43.518102169036865,4.27,5.0,0.7300000000000004,4.907
43.56808090209961,4.39,5.0,0.6100000000000003,4.907
43.7861864566803,4.39,5.0,0.6100000000000003,4.907
44.03603744506836,4.39,5.0,0.6100000000000003,4.897
44.302377223968506,4.37,5.0,0.6299999999999999,4.917
44.56849956512451,4.39,5.0,0.6100000000000003,4.917
44.83482551574707,4.39,5.0,0.6100000000000003,4.917
45.10019278526306,4.37,5.0,0.6299999999999999,4.917
45.36737108230591,4.34,5.0,0.6600000000000001,4.917
45.61667275428772,4.37,5.0,0.6299999999999999,4.917
45.88281726837158,4.2,5.0,0.7999999999999998,4.907
46.14970064163208,4.32,5.0,0.6799999999999997,4.917
46.41564583778381,4.42,5.0,0.5800000000000001,4.917
46.682494163513184,4.37,5.0,0.6299999999999999,4.917
46.94821071624756,4.32,5.0,0.6799999999999997,4.897
47.19793677330017,4.37,5.0,0.6299999999999999,4.907
47.46518898010254,4.3,5.0,0.7000000000000002,4.907
47.730833292007446,4.39,5.0,0.6100000000000003,4.917
47.995067834854126,4.39,5.0,0.6100000000000003,4.907
48.0627601146698,4.42,5.0,0.5800000000000001,4.907
48.2613742351532,4.42,5.0,0.5800000000000001,5.024
48.32869529724121,4.34,5.0,0.6600000000000001,5.015
48.52835988998413,4.3,5.0,0.7000000000000002,5.005
48.57734942436218,4.37,5.0,0.6299999999999999,5.024
48.79542565345764,4.37,5.0,0.6299999999999999,5.024
49.04414415359497,4.37,5.0,0.6299999999999999,4.995
49.09335494041443,4.39,5.0,0.6100000000000003,5.015
49.31142520904541,4.37,5.0,0.6299999999999999,5.015
49.577157497406006,4.32,5.0,0.6799999999999997,5.015
49.62564778327942,4.32,5.0,0.6799999999999997,5.024
49.843475580215454,4.37,5.0,0.6299999999999999,5.024
50.10946702957153,4.44,5.0,0.5599999999999996,5.015
50.15783405303955,4.32,5.0,0.6799999999999997,5.034
50.377013206481934,4.34,5.0,0.6600000000000001,4.995
50.62542676925659,4.64,5.0,0.3600000000000003,4.878
50.674236536026,4.69,5.0,0.3099999999999996,4.868
50.8925507068634,4.66,5.0,0.33999999999999986,4.868
51.1577410697937,4.56,5.0,0.4400000000000004,4.868
51.425129890441895,4.61,5.0,0.3899999999999997,4.868
51.69009280204773,4.66,5.0,0.33999999999999986,4.878
51.739328384399414,4.59,5.0,0.41000000000000014,4.839
51.958009481430054,4.69,5.0,0.3099999999999996,4.878
52.2228569984436,4.61,5.0,0.3899999999999997,4.878
52.473875284194946,4.64,5.0,0.3600000000000003,4.878
52.73938322067261,4.64,5.0,0.3600000000000003,4.878
53.00680112838745,4.64,5.0,0.3600000000000003,4.888
53.271971702575684,4.61,5.0,0.3899999999999997,4.858
53.32026815414429,4.64,5.0,0.3600000000000003,4.858
53.540278911590576,4.66,5.0,0.33999999999999986,4.868
53.80524301528931,4.66,5.0,0.33999999999999986,4.868
54.0554518699646,4.71,5.0,0.29000000000000004,4.868
54.32066893577576,4.61,5.0,0.3899999999999997,4.868
54.58817911148071,4.69,5.0,0.3099999999999996,4.848
54.854186058044434,4.88,15.0,10.120000000000001,8.221
55.05490183830261,10.43,15.0,4.57,7.517
55.22982454299927,15.71,15.0,-0.7100000000000009,4.692
55.28341627120972,15.78,15.0,-0.7799999999999994,4.438
55.33588671684265,15.76,15.0,-0.7599999999999998,4.37
55.39000582695007,15.78,15.0,-0.7799999999999994,4.379
55.44477391242981,15.78,15.0,-0.7799999999999994,4.35
55.56674766540527,15.64,15.0,-0.6400000000000006,4.379
55.67201781272888,15.32,15.0,-0.3200000000000003,4.575
55.72669863700867,15.22,15.0,-0.22000000000000064,4.633
55.778249740600586,15.12,15.0,-0.11999999999999922,4.633
55.95662260055542,15.27,15.0,-0.2699999999999996,4.643
56.06129169464111,15.15,15.0,-0.15000000000000036,4.673
56.16780352592468,15.2,15.0,-0.1999999999999993,4.702
56.29009675979614,15.17,15.0,-0.16999999999999993,4.653
56.39669108390808,15.22,15.0,-0.22000000000000064,4.673
56.503257274627686,15.22,15.0,-0.22000000000000064,4.673
56.680819511413574,15.2,15.0,-0.1999999999999993,4.682
56.83880090713501,15.02,15.0,-0.019999999999999574,4.673
56.89204120635986,15.12,15.0,-0.11999999999999922,4.702
57.015894412994385,15.17,15.0,-0.16999999999999993,4.643
57.12288045883179,15.2,15.0,-0.1999999999999993,4.712
57.22814750671387,15.2,15.0,-0.1999999999999993,4.653
57.406195402145386,15.17,15.0,-0.16999999999999993,4.673
57.51100254058838,15.1,15.0,-0.09999999999999964,4.643
57.61951279640198,15.24,15.0,-0.2400000000000002,4.692
57.740503787994385,15.2,15.0,-0.1999999999999993,4.682
57.79362106323242,15.0,15.0,0.0,4.682
57.847233295440674,15.15,15.0,-0.15000000000000036,4.643
57.90050148963928,15.2,15.0,-0.1999999999999993,4.673
57.953466176986694,15.2,15.0,-0.1999999999999993,4.643
58.13141131401062,15.17,15.0,-0.16999999999999993,4.692
58.236140727996826,15.24,15.0,-0.2400000000000002,4.663
58.2890100479126,15.12,15.0,-0.11999999999999922,4.643
58.342785596847534,15.12,15.0,-0.11999999999999922,4.682
58.46553325653076,15.15,15.0,-0.15000000000000036,4.663
58.57172179222107,15.15,15.0,-0.15000000000000036,4.653
58.62636756896973,15.12,15.0,-0.11999999999999922,4.663
58.67837357521057,15.17,15.0,-0.16999999999999993,4.653
58.85617017745972,15.34,15.0,-0.33999999999999986,4.673
58.96109080314636,15.22,15.0,-0.22000000000000064,4.682
59.01432204246521,15.17,15.0,-0.16999999999999993,4.682
59.191978216171265,15.2,15.0,-0.1999999999999993,4.653
59.29705262184143,15.12,15.0,-0.11999999999999922,4.682
59.35054540634155,15.24,15.0,-0.2400000000000002,4.673
59.40307664871216,15.1,15.0,-0.09999999999999964,4.643
59.57925748825073,14.85,15.0,0.15000000000000036,4.761
59.632384061813354,14.85,15.0,0.15000000000000036,4.829
59.739018201828,14.8,15.0,0.1999999999999993,4.8
59.79213905334473,14.83,15.0,0.16999999999999993,4.809
59.915064334869385,14.85,15.0,0.15000000000000036,4.8
59.96836829185486,14.95,15.0,0.05000000000000071,4.79
60.02194666862488,14.88,15.0,0.11999999999999922,4.78
60.07484245300293,14.76,15.0,0.2400000000000002,4.79
60.304354429244995,14.85,15.0,0.15000000000000036,4.8
60.35749650001526,14.78,15.0,0.22000000000000064,4.809
60.410927534103394,14.9,15.0,0.09999999999999964,4.809
60.463929414749146,14.83,15.0,0.16999999999999993,4.829
60.64014911651611,14.83,15.0,0.16999999999999993,4.79
60.7465922832489,14.83,15.0,0.16999999999999993,4.809
60.79986095428467,14.88,15.0,0.11999999999999922,4.809
60.85307049751282,14.83,15.0,0.16999999999999993,4.78
61.02946615219116,14.85,15.0,0.15000000000000036,4.78
61.085530042648315,14.9,15.0,0.09999999999999964,4.8
61.189332485198975,14.8,15.0,0.1999999999999993,4.809
61.3651168346405,14.83,15.0,0.16999999999999993,4.79
61.41838264465332,14.78,15.0,0.22000000000000064,4.8
61.472291231155396,14.93,15.0,0.07000000000000028,4.839
61.52756929397583,14.88,15.0,0.11999999999999922,4.819
61.754369258880615,14.8,15.0,0.1999999999999993,4.8
61.80759072303772,14.85,15.0,0.15000000000000036,4.8
61.86075758934021,14.83,15.0,0.16999999999999993,4.848
61.9140248298645,14.9,15.0,0.09999999999999964,4.819
61.96728038787842,14.85,15.0,0.15000000000000036,4.8
62.09018635749817,14.76,15.0,0.2400000000000002,4.829
62.19664907455444,14.93,15.0,0.07000000000000028,4.819
62.25,14.88,15.0,0.11999999999999922,4.8
62.30330753326416,14.8,15.0,0.1999999999999993,4.79
62.479321002960205,14.78,15.0,0.22000000000000064,4.829
62.53558945655823,14.83,15.0,0.16999999999999993,4.8
62.63906764984131,14.85,15.0,0.15000000000000036,4.77
62.69236731529236,14.71,15.0,0.28999999999999915,4.809
62.815261363983154,14.88,15.0,0.11999999999999922,4.79
62.86843204498291,14.85,15.0,0.15000000000000036,4.78
62.92190146446228,14.78,15.0,0.22000000000000064,4.79
62.978835582733154,14.95,15.0,0.05000000000000071,4.829
63.20445203781128,14.88,15.0,0.11999999999999922,4.809
63.25765943527222,14.76,15.0,0.2400000000000002,4.8
63.310855865478516,14.95,15.0,0.05000000000000071,4.829
63.36401605606079,14.76,15.0,0.2400000000000002,4.8
63.41732883453369,14.88,15.0,0.11999999999999922,4.809
63.540236711502075,14.88,15.0,0.11999999999999922,4.8
63.595282316207886,14.8,15.0,0.1999999999999993,4.809
63.699992179870605,14.83,15.0,0.16999999999999993,4.848
63.7534875869751,14.88,15.0,0.11999999999999922,4.819
63.92936849594116,14.68,15.0,0.3200000000000003,4.839
63.98270058631897,14.85,15.0,0.15000000000000036,4.819
64.03708505630493,14.78,15.0,0.22000000000000064,4.809
64.142333984375,14.8,15.0,0.1999999999999993,4.829
64.26524209976196,14.83,15.0,0.16999999999999993,4.829
64.37350344657898,14.83,5.0,-9.83,4.8
64.47959470748901,14.85,5.0,-9.85,0.714
64.67195987701416,9.35,5.0,-4.35,1.896
64.93995070457458,3.61,5.0,1.3900000000000001,5.386
65.20571756362915,4.44,5.0,0.5599999999999996,5.122
65.47272729873657,4.42,5.0,0.5800000000000001,5.024
65.73647785186768,4.52,5.0,0.4800000000000004,4.995
65.78538775444031,4.42,5.0,0.5800000000000001,4.995
65.98752403259277,4.44,5.0,0.5599999999999996,5.015
66.25497198104858,4.52,5.0,0.4800000000000004,5.024
66.5206127166748,4.44,5.0,0.5599999999999996,5.024
66.78483605384827,4.44,5.0,0.5599999999999996,4.995
67.05363535881042,4.47,5.0,0.5300000000000002,5.024
67.31914162635803,4.44,5.0,0.5599999999999996,4.995
67.5686981678009,4.37,5.0,0.6299999999999999,4.995
67.83354425430298,4.44,5.0,0.5599999999999996,5.015
68.10157656669617,4.42,5.0,0.5800000000000001,4.985
68.3684253692627,4.39,5.0,0.6100000000000003,4.985
68.63346266746521,4.39,5.0,0.6100000000000003,5.005
68.89939069747925,4.32,5.0,0.6799999999999997,4.985
69.15019798278809,4.42,5.0,0.5800000000000001,4.976
69.41642379760742,4.44,5.0,0.5599999999999996,5.024
69.68094086647034,4.52,5.0,0.4800000000000004,5.015
69.72983455657959,4.54,5.0,0.45999999999999996,5.034
69.94912028312683,4.37,5.0,0.6299999999999999,4.995
70.21354365348816,4.39,5.0,0.6100000000000003,5.015
70.26258897781372,4.42,5.0,0.5800000000000001,5.024
70.48142766952515,4.47,5.0,0.5300000000000002,5.034
70.74633288383484,4.37,5.0,0.6299999999999999,4.995
70.79730129241943,4.47,5.0,0.5300000000000002,5.015
70.9974479675293,4.42,5.0,0.5800000000000001,5.024
71.26208901405334,4.66,5.0,0.33999999999999986,4.956
71.53098821640015,4.76,5.0,0.2400000000000002,4.868
71.79515361785889,4.66,5.0,0.33999999999999986,4.868
72.06143426895142,4.76,5.0,0.2400000000000002,4.858
72.11301326751709,4.71,5.0,0.29000000000000004,4.878
72.3276538848877,4.78,5.0,0.21999999999999975,4.888
72.57860517501831,4.78,5.0,0.21999999999999975,4.848
72.6441171169281,4.71,5.0,0.29000000000000004,4.839
72.84347534179688,4.74,5.0,0.2599999999999998,4.848
73.10982704162598,4.76,5.0,0.2400000000000002,4.848
73.16097402572632,4.71,5.0,0.29000000000000004,4.858
73.37625479698181,4.71,5.0,0.29000000000000004,4.858
73.64357328414917,4.71,5.0,0.29000000000000004,4.868
73.90869808197021,4.74,5.0,0.2599999999999998,4.878
74.1756329536438,4.74,5.0,0.2599999999999998,4.897
74.42477607727051,4.71,5.0,0.29000000000000004,4.897
74.69204306602478,4.74,5.0,0.2599999999999998,4.888
74.95688271522522,4.71,5.0,0.29000000000000004,4.878
75.0057065486908,4.71,5.0,0.29000000000000004,4.897
75.22434782981873,4.81,5.0,0.1900000000000004,4.888
75.4899697303772,4.74,5.0,0.2599999999999998,4.878
75.75707769393921,4.76,5.0,0.2400000000000002,4.888
76.00550937652588,4.71,5.0,0.29000000000000004,4.868
76.27309274673462,4.78,5.0,0.21999999999999975,4.907
76.5383095741272,4.61,5.0,0.3899999999999997,4.888
76.58896923065186,4.76,5.0,0.2400000000000002,4.927
76.80642414093018,4.71,5.0,0.29000000000000004,4.888
77.07051944732666,4.76,5.0,0.2400000000000002,4.888
77.11991095542908,4.76,5.0,0.2400000000000002,4.897
77.33894443511963,4.74,5.0,0.2599999999999998,4.878
77.6032919883728,4.81,5.0,0.1900000000000004,4.897
77.85328817367554,4.69,5.0,0.3099999999999996,4.868
77.90215539932251,4.71,5.0,0.29000000000000004,4.888
78.11917471885681,4.78,5.0,0.21999999999999975,4.878
78.3872938156128,4.64,5.0,0.3600000000000003,4.907
78.65284895896912,4.74,5.0,0.2599999999999998,4.888
78.91861391067505,4.78,5.0,0.21999999999999975,4.897
79.18641018867493,4.78,5.0,0.21999999999999975,4.917
79.43651342391968,4.69,5.0,0.3099999999999996,4.917
79.70138001441956,4.74,5.0,0.2599999999999998,4.868
79.9673581123352,4.66,5.0,0.33999999999999986,4.907
80.23250102996826,4.64,5.0,0.3600000000000003,4.878
80.28172397613525,4.83,5.0,0.16999999999999993,4.907
80.49891448020935,4.78,5.0,0.21999999999999975,4.907
80.76676082611084,4.71,5.0,0.29000000000000004,4.917
81.01592946052551,4.78,5.0,0.21999999999999975,4.917
81.08083438873291,4.76,5.0,0.2400000000000002,4.897
81.28340601921082,4.76,5.0,0.2400000000000002,4.907
81.54966521263123,4.81,5.0,0.1900000000000004,4.888
81.81373023986816,4.69,5.0,0.3099999999999996,4.897
81.88108038902283,4.78,15.0,10.219999999999999,4.907
82.08132648468018,5.86,15.0,9.14,8.524
82.24949169158936,10.45,15.0,4.550000000000001,8.377
82.35436296463013,14.34,15.0,0.6600000000000001,6.109
82.40856409072876,15.98,15.0,-0.9800000000000004,4.848
82.53159976005554,16.1,15.0,-1.1000000000000014,3.978
82.63851499557495,14.85,15.0,0.15000000000000036,4.594
82.74465870857239,14.36,15.0,0.6400000000000006,5.103
82.92144131660461,14.36,15.0,0.6400000000000006,5.161
83.0265281200409,14.49,15.0,0.5099999999999998,5.142
83.08068561553955,14.29,15.0,0.7100000000000009,5.132
83.1364815235138,14.39,15.0,0.6099999999999994,5.152
83.25595736503601,14.51,15.0,0.4900000000000002,5.152
83.31230163574219,14.44,15.0,0.5600000000000005,5.122
83.36303782463074,14.41,15.0,0.5899999999999999,5.161
83.41536808013916,14.41,15.0,0.5899999999999999,5.152
83.47097826004028,14.44,15.0,0.5600000000000005,5.142
83.64648270606995,14.39,15.0,0.6099999999999994,5.152
83.75136184692383,14.39,15.0,0.6099999999999994,5.161
83.85855674743652,14.46,15.0,0.5399999999999991,5.152
84.03645825386047,14.36,15.0,0.6400000000000006,5.103
84.14109921455383,14.36,15.0,0.6400000000000006,5.191
84.2471091747284,14.41,15.0,0.5899999999999999,5.132
84.37140369415283,14.44,15.0,0.5600000000000005,5.152
84.47697973251343,14.41,15.0,0.5899999999999999,5.112
84.53032445907593,14.32,15.0,0.6799999999999997,5.122
84.58372473716736,14.46,15.0,0.5399999999999991,5.171
84.70658302307129,14.54,15.0,0.46000000000000085,5.2
84.81259155273438,14.39,15.0,0.6099999999999994,5.122
84.8659315109253,14.34,15.0,0.6600000000000001,5.152
84.91882467269897,14.56,15.0,0.4399999999999995,5.122
84.97259426116943,14.41,15.0,0.5899999999999999,5.122
85.09544491767883,14.78,15.0,0.22000000000000064,4.995
85.2015106678009,14.9,15.0,0.09999999999999964,4.897
85.25455403327942,14.9,15.0,0.09999999999999964,4.868
85.43268704414368,14.76,15.0,0.2400000000000002,4.839
85.53796172142029,14.88,15.0,0.11999999999999922,4.858
85.64418458938599,14.8,15.0,0.1999999999999993,4.878
85.82043147087097,14.93,15.0,0.07000000000000028,4.868
85.92677927017212,14.83,15.0,0.16999999999999993,4.848
85.98033094406128,14.76,15.0,0.2400000000000002,4.868
86.03294539451599,14.9,15.0,0.09999999999999964,4.858
86.15687870979309,14.88,15.0,0.11999999999999922,4.897
86.2625584602356,14.83,15.0,0.16999999999999993,4.839
86.3153920173645,14.83,15.0,0.16999999999999993,4.868
86.37051486968994,14.83,15.0,0.16999999999999993,4.858
86.42182087898254,14.78,15.0,0.22000000000000064,4.917
86.54670190811157,14.78,15.0,0.22000000000000064,4.839
86.65145254135132,14.83,15.0,0.16999999999999993,4.848
86.70498132705688,14.83,15.0,0.16999999999999993,4.897
86.7582573890686,14.88,15.0,0.11999999999999922,4.829
86.88144516944885,14.78,15.0,0.22000000000000064,4.839
86.98794746398926,14.88,15.0,0.11999999999999922,4.897
87.04057145118713,14.76,15.0,0.2400000000000002,4.848
87.1473138332367,14.83,15.0,0.16999999999999993,4.868
87.27108120918274,14.83,15.0,0.16999999999999993,4.868
87.37710356712341,14.76,15.0,0.2400000000000002,4.868
87.43016648292542,14.88,15.0,0.11999999999999922,4.907
87.48355841636658,14.88,15.0,0.11999999999999922,4.868
87.6073067188263,14.83,15.0,0.16999999999999993,4.868
87.71300148963928,14.85,15.0,0.15000000000000036,4.839
87.76624345779419,14.8,15.0,0.1999999999999993,4.897
87.81920456886292,14.83,15.0,0.16999999999999993,4.848
87.87267804145813,14.83,15.0,0.16999999999999993,4.858
87.99496388435364,14.88,15.0,0.11999999999999922,4.868
88.0486421585083,14.78,15.0,0.22000000000000064,4.848
88.15548396110535,14.85,15.0,0.15000000000000036,4.927
88.3318920135498,14.68,15.0,0.3200000000000003,4.829
88.3875846862793,14.78,15.0,0.22000000000000064,4.907
88.43790078163147,14.88,15.0,0.11999999999999922,4.878
88.4914824962616,14.85,15.0,0.15000000000000036,4.868
88.54416680335999,14.83,15.0,0.16999999999999993,4.839
88.72181749343872,14.83,15.0,0.16999999999999993,4.917
88.82700514793396,14.83,15.0,0.16999999999999993,4.858
88.88083624839783,14.76,15.0,0.2400000000000002,4.868
88.93366765975952,14.85,15.0,0.15000000000000036,4.888
89.05662226676941,14.9,15.0,0.09999999999999964,4.868
89.16284608840942,14.85,15.0,0.15000000000000036,4.878
89.21645426750183,14.88,15.0,0.11999999999999922,4.868
89.26900744438171,14.88,15.0,0.11999999999999922,4.858
89.32256531715393,14.76,15.0,0.2400000000000002,4.868
89.44605255126953,14.78,15.0,0.22000000000000064,4.848
89.55152463912964,14.88,15.0,0.11999999999999922,4.888
89.60593056678772,14.8,15.0,0.1999999999999993,4.848
89.66073369979858,14.83,15.0,0.16999999999999993,4.829
89.78245186805725,14.83,15.0,0.16999999999999993,4.848
89.88796591758728,14.76,15.0,0.2400000000000002,4.858
89.94152402877808,14.8,15.0,0.1999999999999993,4.868
89.99464249610901,14.85,15.0,0.15000000000000036,4.878
90.17046356201172,14.76,15.0,0.2400000000000002,4.917
90.27682852745056,14.8,5.0,-9.8,4.858
90.33176136016846,14.83,5.0,-9.83,4.839
90.50721287727356,12.78,5.0,-7.779999999999999,0.205
90.64637851715088,8.91,5.0,-3.91,1.437
90.91373252868652,3.39,5.0,1.6099999999999999,5.904
91.17837333679199,5.18,5.0,-0.17999999999999972,4.663
91.44496703147888,5.05,5.0,-0.04999999999999982,4.673
91.69480895996094,5.18,5.0,-0.17999999999999972,4.673
91.76119804382324,5.18,5.0,-0.17999999999999972,4.712
91.96147012710571,5.15,5.0,-0.15000000000000036,4.682
92.2268967628479,5.13,5.0,-0.1299999999999999,4.682
92.27566194534302,5.15,5.0,-0.15000000000000036,4.692
92.49331426620483,5.15,5.0,-0.15000000000000036,4.682
92.75952386856079,5.18,5.0,-0.17999999999999972,4.682
92.80872344970703,5.13,5.0,-0.1299999999999999,4.663
93.02596974372864,5.13,5.0,-0.1299999999999999,4.673
93.29212641716003,5.25,5.0,-0.25,4.663
93.54201245307922,5.13,5.0,-0.1299999999999999,4.633
93.80780696868896,5.2,5.0,-0.20000000000000018,4.702
94.07444977760315,5.15,5.0,-0.15000000000000036,4.663
94.1245846748352,5.15,5.0,-0.15000000000000036,4.702
94.34044408798218,5.13,5.0,-0.1299999999999999,4.692
94.38969898223877,5.13,5.0,-0.1299999999999999,4.682
94.60696649551392,5.15,5.0,-0.15000000000000036,4.712
94.65561723709106,5.15,5.0,-0.15000000000000036,4.712
94.87310767173767,5.13,5.0,-0.1299999999999999,4.692
95.12304997444153,5.1,5.0,-0.09999999999999964,4.663
95.39040923118591,5.13,5.0,-0.1299999999999999,4.643
95.65588879585266,5.2,5.0,-0.20000000000000018,4.682
95.92295813560486,5.15,5.0,-0.15000000000000036,4.673
96.1885666847229,5.2,5.0,-0.20000000000000018,4.702
96.45526671409607,4.83,5.0,0.16999999999999993,4.848
96.72081708908081,4.74,5.0,0.2599999999999998,4.897
96.97119426727295,4.76,5.0,0.2400000000000002,4.907
97.2370433807373,4.81,5.0,0.1900000000000004,4.897
97.5038890838623,4.88,5.0,0.1200000000000001,4.936
97.76927042007446,4.74,5.0,0.2599999999999998,4.888
98.0365240573883,4.78,5.0,0.21999999999999975,4.907
98.30150413513184,4.76,5.0,0.2400000000000002,4.897
98.35410022735596,4.78,5.0,0.21999999999999975,4.927
98.5520076751709,4.71,5.0,0.29000000000000004,4.907
98.81752133369446,4.74,5.0,0.2599999999999998,4.907
98.86890888214111,4.74,5.0,0.2599999999999998,4.897
99.08423566818237,4.78,5.0,0.21999999999999975,4.888
99.35046219825745,4.78,5.0,0.21999999999999975,4.917
99.61812138557434,4.69,5.0,0.3099999999999996,4.966
99.88372564315796,4.78,5.0,0.21999999999999975,4.917
99.96629333496094,4.78,5.0,0.21999999999999975,4.907
100.13284850120544,4.74,5.0,0.2599999999999998,4.946
100.18313932418823,4.76,5.0,0.2400000000000002,4.917
100.4016215801239,4.71,5.0,0.29000000000000004,4.946
100.49974775314331,4.81,5.0,0.1900000000000004,4.976
100.66720008850098,4.74,5.0,0.2599999999999998,4.927
100.93265581130981,4.76,5.0,0.2400000000000002,4.956
101.19936561584473,4.74,5.0,0.2599999999999998,4.936
101.46574854850769,4.78,5.0,0.21999999999999975,4.946
101.73297786712646,4.76,5.0,0.2400000000000002,4.946
101.98098087310791,4.83,5.0,0.16999999999999993,4.936
102.24739909172058,4.76,5.0,0.2400000000000002,4.956
102.51322078704834,4.71,5.0,0.29000000000000004,4.936
102.77909755706787,4.81,5.0,0.1900000000000004,4.917
102.83016729354858,4.66,5.0,0.33999999999999986,4.956
103.04694485664368,4.69,5.0,0.3099999999999996,4.946
103.3125376701355,4.76,5.0,0.2400000000000002,4.897
103.5617299079895,4.76,5.0,0.2400000000000002,4.956
103.82752323150635,4.74,5.0,0.2599999999999998,4.907
104.09480834007263,4.76,5.0,0.2400000000000002,4.966
104.36158490180969,4.74,5.0,0.2599999999999998,4.927
104.62795352935791,4.76,5.0,0.2400000000000002,4.936
104.89408755302429,4.74,5.0,0.2599999999999998,4.936
105.15887403488159,4.71,5.0,0.29000000000000004,4.927
105.41023349761963,4.74,5.0,0.2599999999999998,4.936
105.67677235603333,4.71,5.0,0.29000000000000004,4.907
105.9421637058258,4.81,5.0,0.1900000000000004,4.936
106.20843362808228,4.76,5.0,0.2400000000000002,4.995
106.47525644302368,4.74,5.0,0.2599999999999998,4.917
106.74172163009644,4.78,5.0,0.21999999999999975,4.917
106.99123358726501,4.81,5.0,0.1900000000000004,4.966
107.25719904899597,4.74,5.0,0.2599999999999998,4.936
107.52384805679321,4.83,5.0,0.16999999999999993,4.936
107.79006767272949,4.76,5.0,0.2400000000000002,4.917
108.05702185630798,4.81,5.0,0.1900000000000004,4.927
108.32111954689026,4.81,5.0,0.1900000000000004,4.995
108.57228899002075,4.78,5.0,0.21999999999999975,4.907
108.63580513000488,4.78,5.0,0.21999999999999975,4.946
108.83866453170776,4.81,5.0,0.1900000000000004,4.946
109.10440564155579,4.71,5.0,0.29000000000000004,4.917
109.3697760105133,4.76,5.0,0.2400000000000002,4.946
109.63702654838562,4.78,5.0,0.21999999999999975,4.956
109.90321969985962,4.74,5.0,0.2599999999999998,4.936
110.16854310035706,4.81,5.0,0.1900000000000004,4.917
110.21711897850037,4.76,5.0,0.2400000000000002,4.917
110.41925811767578,4.74,5.0,0.2599999999999998,4.917
110.68447732925415,4.78,5.0,0.21999999999999975,4.946
110.95198607444763,4.78,5.0,0.21999999999999975,4.966
111.21683025360107,4.76,5.0,0.2400000000000002,4.907
111.26770901679993,4.74,15.0,10.26,4.907
111.48506331443787,5.86,15.0,9.14,8.69
111.65228939056396,10.6,15.0,4.4,8.798
111.75798726081848,14.29,15.0,0.7100000000000009,6.422
111.81122732162476,16.22,15.0,-1.2199999999999989,4.819
111.9883804321289,14.66,15.0,0.33999999999999986,4.262
112.09354901313782,13.83,15.0,1.17,5.67
112.20019960403442,14.12,15.0,0.8800000000000008,5.679
112.32322525978088,15.37,15.0,-0.3699999999999992,4.545
112.37653589248657,15.42,15.0,-0.41999999999999993,4.428
112.42977476119995,15.46,15.0,-0.46000000000000085,4.438
112.48359036445618,15.49,15.0,-0.4900000000000002,4.457
112.53844356536865,15.42,15.0,-0.41999999999999993,4.428
112.71417355537415,15.37,15.0,-0.3699999999999992,4.379
112.8185305595398,14.93,15.0,0.07000000000000028,4.663
112.8726179599762,14.88,15.0,0.11999999999999922,4.809
112.92794227600098,14.8,15.0,0.1999999999999993,4.809
113.04809999465942,14.9,15.0,0.09999999999999964,4.819
113.15480875968933,14.9,15.0,0.09999999999999964,4.848
113.2079405784607,14.8,15.0,0.1999999999999993,4.809
113.26133298873901,14.93,15.0,0.07000000000000028,4.8
113.43885827064514,14.93,15.0,0.07000000000000028,4.868
113.5438506603241,14.95,15.0,0.05000000000000071,4.819
113.59745478630066,14.9,15.0,0.09999999999999964,4.8
113.65030908584595,14.9,15.0,0.09999999999999964,4.819
113.77328634262085,14.9,15.0,0.09999999999999964,4.878
113.82704997062683,14.9,15.0,0.09999999999999964,4.809
113.87931728363037,14.93,15.0,0.07000000000000028,4.819
113.98645448684692,14.95,15.0,0.05000000000000071,4.829
114.16259932518005,14.83,15.0,0.16999999999999993,4.809
114.26824188232422,14.98,15.0,0.019999999999999574,4.819
114.32178974151611,14.95,15.0,0.05000000000000071,4.77
114.37488532066345,14.93,15.0,0.07000000000000028,4.809
114.49938917160034,14.98,15.0,0.019999999999999574,4.829
114.60489630699158,14.83,15.0,0.16999999999999993,4.848
114.65812921524048,14.95,15.0,0.05000000000000071,4.839
114.71140909194946,15.0,15.0,0.0,4.839
114.88836288452148,14.85,15.0,0.15000000000000036,4.809
114.99406838417053,14.85,15.0,0.15000000000000036,4.819
115.10051894187927,14.9,15.0,0.09999999999999964,4.819
115.2234320640564,15.0,15.0,0.0,4.848
115.27713346481323,14.83,15.0,0.16999999999999993,4.809
115.32961678504944,14.85,15.0,0.15000000000000036,4.839
115.38276839256287,14.85,15.0,0.15000000000000036,4.8
115.43699717521667,14.95,15.0,0.05000000000000071,4.839
115.61479163169861,14.83,15.0,0.16999999999999993,4.848
115.71904730796814,15.02,15.0,-0.019999999999999574,4.829
115.77180433273315,14.9,15.0,0.09999999999999964,4.809
115.82556343078613,14.88,15.0,0.11999999999999922,4.8
115.9489483833313,14.93,15.0,0.07000000000000028,4.819
116.05494165420532,14.88,15.0,0.11999999999999922,4.858
116.10796165466309,14.83,15.0,0.16999999999999993,4.878
116.16111707687378,14.83,15.0,0.16999999999999993,4.829
116.33807873725891,14.88,15.0,0.11999999999999922,4.848
116.44400024414062,14.9,15.0,0.09999999999999964,4.809
116.55052661895752,14.85,15.0,0.15000000000000036,4.917
116.67358493804932,15.0,15.0,0.0,4.8
116.7800064086914,14.9,15.0,0.09999999999999964,4.8
116.83257412910461,14.8,15.0,0.1999999999999993,4.809
116.88922214508057,14.98,15.0,0.019999999999999574,4.848
117.06321287155151,14.85,15.0,0.15000000000000036,4.819
117.16914510726929,14.95,15.0,0.05000000000000071,4.819
117.22275876998901,14.93,15.0,0.07000000000000028,4.809
117.27674841880798,14.88,15.0,0.11999999999999922,4.809
117.39811658859253,14.88,15.0,0.11999999999999922,4.819
117.50505137443542,14.88,15.0,0.11999999999999922,4.829
117.55795407295227,14.83,15.0,0.16999999999999993,4.829
117.61188888549805,14.9,15.0,0.09999999999999964,4.848
117.73499417304993,14.83,15.0,0.16999999999999993,4.809
117.8402042388916,14.85,15.0,0.15000000000000036,4.8
117.89390826225281,14.93,15.0,0.07000000000000028,4.839
118.00068998336792,14.93,15.0,0.07000000000000028,4.917
118.12317156791687,14.98,15.0,0.019999999999999574,4.819
118.17679357528687,14.95,15.0,0.05000000000000071,4.809
118.23018097877502,14.98,15.0,0.019999999999999574,4.8
118.28318428993225,14.93,15.0,0.07000000000000028,4.848
118.3390805721283,14.9,15.0,0.09999999999999964,4.809
118.51441764831543,14.9,15.0,0.09999999999999964,4.819
118.61922144889832,14.93,15.0,0.07000000000000028,4.868
118.67247605323792,14.9,15.0,0.09999999999999964,4.79
118.72556972503662,14.9,15.0,0.09999999999999964,4.809
118.84865927696228,14.78,15.0,0.22000000000000064,4.839
118.95516633987427,14.9,15.0,0.09999999999999964,4.78
119.00803256034851,14.95,15.0,0.05000000000000071,4.79
119.06123304367065,14.83,15.0,0.16999999999999993,4.839
119.1849000453949,14.93,15.0,0.07000000000000028,4.809
119.2906596660614,14.83,15.0,0.16999999999999993,4.77
119.34427309036255,15.0,15.0,0.0,4.819
119.45077633857727,14.85,15.0,0.15000000000000036,4.79
119.57394599914551,14.8,15.0,0.1999999999999993,4.819
119.68060040473938,14.98,15.0,0.019999999999999574,4.809
119.73263788223267,14.9,15.0,0.09999999999999964,4.809
119.96431469917297,14.98,15.0,0.019999999999999574,4.8
120.06927227973938,14.8,15.0,0.1999999999999993,4.829
120.12293004989624,14.9,15.0,0.09999999999999964,4.888
120.29960036277771,14.83,15.0,0.16999999999999993,4.839
120.40452194213867,14.9,15.0,0.09999999999999964,4.829
120.45807790756226,14.85,15.0,0.15000000000000036,4.848
120.51133608818054,14.98,15.0,0.019999999999999574,4.829
120.63546323776245,14.85,15.0,0.15000000000000036,4.819
120.74110531806946,14.95,15.0,0.05000000000000071,4.809
120.79595899581909,14.98,5.0,-9.98,4.819
120.90075898170471,14.93,5.0,-9.93,4.809
121.02383637428284,13.24,5.0,-8.24,0.264
121.07794666290283,11.75,5.0,-6.75,0.186
121.12996435165405,10.14,5.0,-5.140000000000001,0.176
121.36526775360107,3.07,5.0,1.9300000000000002,5.894
121.63175415992737,5.57,5.0,-0.5700000000000003,4.272
121.89820504188538,4.71,5.0,0.29000000000000004,4.868
122.16433668136597,4.76,5.0,0.2400000000000002,4.956
122.4308295249939,4.76,5.0,0.2400000000000002,5.005
122.67933964729309,4.66,5.0,0.33999999999999986,4.936
122.94635510444641,4.61,5.0,0.3899999999999997,4.946
123.2115375995636,4.69,5.0,0.3099999999999996,4.936
123.4794237613678,4.74,5.0,0.2599999999999998,4.995
123.74490308761597,4.74,5.0,0.2599999999999998,4.976
124.01075220108032,4.74,5.0,0.2599999999999998,4.985
124.27619481086731,4.74,5.0,0.2599999999999998,4.966
124.52766680717468,4.74,5.0,0.2599999999999998,5.005
124.79369568824768,4.69,5.0,0.3099999999999996,4.985
125.0596981048584,4.69,5.0,0.3099999999999996,4.966
125.32617425918579,4.56,5.0,0.4400000000000004,4.966
125.59185862541199,4.78,5.0,0.21999999999999975,4.976
125.85872197151184,4.69,5.0,0.3099999999999996,4.985
126.10734677314758,4.76,5.0,0.2400000000000002,5.005
126.37464642524719,4.64,5.0,0.3600000000000003,4.966
126.64113330841064,4.76,5.0,0.2400000000000002,4.976
126.90738248825073,4.74,5.0,0.2599999999999998,4.985
127.17317366600037,4.69,5.0,0.3099999999999996,4.956
127.43998193740845,4.76,5.0,0.2400000000000002,4.966
127.68935441970825,4.71,5.0,0.29000000000000004,4.946
127.77144980430603,4.76,5.0,0.2400000000000002,4.976
127.95463275909424,4.76,5.0,0.2400000000000002,5.054
128.22171473503113,4.69,5.0,0.3099999999999996,5.015
128.32057309150696,4.69,5.0,0.3099999999999996,5.005
128.48874497413635,4.81,5.0,0.1900000000000004,5.034
128.75330924987793,4.69,5.0,0.3099999999999996,5.054
129.0209846496582,4.78,5.0,0.21999999999999975,5.054
129.10272002220154,4.76,5.0,0.2400000000000002,5.015
129.28774452209473,4.71,5.0,0.29000000000000004,4.995
129.53678822517395,4.74,5.0,0.2599999999999998,5.024
129.80333375930786,4.78,5.0,0.21999999999999975,5.015
130.06950521469116,4.76,5.0,0.2400000000000002,5.044
130.33524918556213,4.76,5.0,0.2400000000000002,4.985
130.60160565376282,4.78,5.0,0.21999999999999975,5.005
130.86701774597168,4.76,5.0,0.2400000000000002,5.015
131.11762022972107,4.74,5.0,0.2599999999999998,5.054
131.3828899860382,4.69,5.0,0.3099999999999996,5.005
131.64971351623535,4.69,5.0,0.3099999999999996,5.024
131.91559720039368,4.81,5.0,0.1900000000000004,5.044
132.18230032920837,4.69,5.0,0.3099999999999996,5.024
132.44819355010986,4.74,5.0,0.2599999999999998,5.005
132.71606707572937,4.81,5.0,0.1900000000000004,5.024
132.96404838562012,4.69,5.0,0.3099999999999996,5.005
133.01317596435547,4.74,5.0,0.2599999999999998,5.015
133.2314989566803,4.76,5.0,0.2400000000000002,5.034
133.49639344215393,4.74,5.0,0.2599999999999998,5.044
133.7639935016632,4.71,5.0,0.29000000000000004,5.024
133.82961177825928,4.76,15.0,10.24,5.064
134.03045225143433,5.69,15.0,9.309999999999999,8.631
134.21460890769958,11.07,15.0,3.9299999999999997,8.798
134.32001066207886,15.05,15.0,-0.05000000000000071,6.129
134.42659640312195,16.66,15.0,-1.6600000000000001,3.245
134.47919130325317,15.93,15.0,-0.9299999999999997,3.206
134.60344624519348,13.41,15.0,1.5899999999999999,6.002
134.70943760871887,14.39,15.0,0.6099999999999994,6.012
134.76192426681519,15.88,15.0,-0.8800000000000008,4.77
134.94008708000183,14.66,15.0,0.33999999999999986,4.36
135.04564094543457,13.73,15.0,1.2699999999999996,6.031
135.0993254184723,13.83,15.0,1.17,6.041
135.15113234519958,15.02,15.0,-0.019999999999999574,5.601
135.20576286315918,16.12,15.0,-1.120000000000001,4.252
135.32854390144348,15.49,15.0,-0.4900000000000002,3.832
135.43483686447144,13.78,15.0,1.2200000000000006,5.836
135.54130744934082,14.29,15.0,0.7100000000000009,5.816
135.6645061969757,15.71,15.0,-0.7100000000000009,3.988
135.7706654071808,15.32,15.0,-0.3200000000000003,4.096
135.87727689743042,14.14,15.0,0.8599999999999994,5.435
136.05311560630798,14.76,15.0,0.2400000000000002,5.484
136.1589925289154,15.42,15.0,-0.41999999999999993,4.379
136.2140724658966,15.49,15.0,-0.4900000000000002,4.33
136.38986229896545,15.49,15.0,-0.4900000000000002,4.311
136.49465537071228,14.88,15.0,0.11999999999999922,4.761
136.54851412773132,14.85,15.0,0.15000000000000036,4.936
136.60141277313232,14.71,15.0,0.28999999999999915,5.015
136.65503454208374,14.71,15.0,0.28999999999999915,5.064
136.77801394462585,14.73,15.0,0.2699999999999996,4.985
136.8839967250824,14.71,15.0,0.28999999999999915,4.966
136.9372808933258,14.71,15.0,0.28999999999999915,4.995
136.9902045726776,14.78,15.0,0.22000000000000064,5.005
137.11359119415283,14.66,15.0,0.33999999999999986,5.005
137.2199866771698,14.8,15.0,0.1999999999999993,4.995
137.27355408668518,14.66,15.0,0.33999999999999986,4.956
137.37980103492737,14.76,15.0,0.2400000000000002,4.956
137.50244140625,14.76,15.0,0.2400000000000002,5.005
137.60912537574768,14.88,15.0,0.11999999999999922,5.005
137.66211700439453,14.73,15.0,0.2699999999999996,5.034
137.7156708240509,14.63,15.0,0.3699999999999992,5.073
137.83910703659058,14.68,15.0,0.3200000000000003,5.073
137.94477081298828,14.76,15.0,0.2400000000000002,4.956
137.99832201004028,14.68,15.0,0.3200000000000003,4.976
138.05147910118103,14.8,15.0,0.1999999999999993,4.976
138.1047167778015,14.78,15.0,0.22000000000000064,5.015
138.22802019119263,14.73,15.0,0.2699999999999996,5.181
138.28085684776306,14.68,15.0,0.3200000000000003,5.024
138.38847374916077,14.78,15.0,0.22000000000000064,5.024
138.56500840187073,14.8,15.0,0.1999999999999993,4.985
138.67083358764648,14.73,15.0,0.2699999999999996,4.966
138.77770686149597,14.76,15.0,0.2400000000000002,4.976
138.9536051750183,14.63,15.0,0.3699999999999992,5.064
139.05950617790222,14.71,15.0,0.28999999999999915,5.142
139.112078666687,14.63,15.0,0.3699999999999992,5.015
139.16548800468445,14.71,15.0,0.28999999999999915,5.093
139.28962063789368,14.73,15.0,0.2699999999999996,5.034
139.395165681839,14.73,15.0,0.2699999999999996,5.015
139.501727104187,14.73,15.0,0.2699999999999996,5.005
139.67951107025146,14.76,15.0,0.2400000000000002,5.024
139.78443360328674,14.78,15.0,0.22000000000000064,5.054
139.89105916023254,14.88,15.0,0.11999999999999922,4.966
140.0139000415802,14.71,15.0,0.28999999999999915,4.976
140.120374917984,14.8,15.0,0.1999999999999993,4.976
140.1730146408081,14.66,15.0,0.33999999999999986,5.015
140.22699689865112,14.78,15.0,0.22000000000000064,5.103
140.27950811386108,14.78,15.0,0.22000000000000064,5.083
140.40376543998718,14.8,15.0,0.1999999999999993,4.995
140.5091655254364,14.76,15.0,0.2400000000000002,4.966
140.563862323761,14.76,15.0,0.2400000000000002,4.995
140.7390627861023,14.76,15.0,0.2400000000000002,4.995
140.84484601020813,14.78,15.0,0.22000000000000064,4.966
140.89880347251892,14.78,15.0,0.22000000000000064,4.985
141.12875413894653,14.78,15.0,0.22000000000000064,4.985
141.1816327571869,14.88,15.0,0.11999999999999922,4.985
141.23423099517822,14.73,15.0,0.2699999999999996,4.976
141.288094997406,14.56,15.0,0.4399999999999995,5.034
141.46453404426575,14.85,15.0,0.15000000000000036,4.976
141.5701560974121,14.78,15.0,0.22000000000000064,4.966
141.623788356781,14.73,15.0,0.2699999999999996,4.995
141.6768605709076,14.83,15.0,0.16999999999999993,5.005
141.72984623908997,14.78,15.0,0.22000000000000064,5.005
141.85358476638794,14.68,15.0,0.3200000000000003,5.073
141.95927548408508,14.73,15.0,0.2699999999999996,5.034
142.06589913368225,14.78,15.0,0.22000000000000064,4.985
142.1890149116516,14.76,15.0,0.2400000000000002,4.897
142.2438771724701,14.76,15.0,0.2400000000000002,5.024
142.29487228393555,14.78,15.0,0.22000000000000064,5.005
142.34845781326294,14.8,15.0,0.1999999999999993,4.985
142.57895135879517,14.78,15.0,0.22000000000000064,4.995
142.68454575538635,14.73,15.0,0.2699999999999996,4.956
142.73796606063843,14.68,15.0,0.3200000000000003,5.024
142.79059410095215,14.83,15.0,0.16999999999999993,5.015
142.91429090499878,14.78,15.0,0.22000000000000064,5.064
143.02056193351746,14.71,15.0,0.28999999999999915,4.976
143.0736439228058,14.76,15.0,0.2400000000000002,4.985
143.12681198120117,14.85,15.0,0.15000000000000036,5.005
143.17997550964355,14.8,15.0,0.1999999999999993,4.966
143.3027367591858,14.76,15.0,0.2400000000000002,4.956
143.35739827156067,14.63,15.0,0.3699999999999992,5.024
143.46277952194214,14.8,15.0,0.1999999999999993,5.073
143.51587963104248,14.71,15.0,0.28999999999999915,4.966
143.63941073417664,14.76,15.0,0.2400000000000002,5.005
143.74535846710205,14.78,15.0,0.22000000000000064,5.015
143.85180592536926,14.73,15.0,0.2699999999999996,4.966
144.03004693984985,14.8,15.0,0.1999999999999993,5.005
144.13476991653442,14.71,15.0,0.28999999999999915,4.936
144.18790292739868,14.78,15.0,0.22000000000000064,5.005
144.24123644828796,14.71,15.0,0.28999999999999915,5.054
144.3638777732849,14.83,15.0,0.16999999999999993,5.005
144.47059726715088,14.73,15.0,0.2699999999999996,4.966
144.52391910552979,14.78,15.0,0.22000000000000064,4.995
144.57721996307373,14.76,15.0,0.2400000000000002,4.936
144.63004422187805,14.68,15.0,0.3200000000000003,5.005
144.75333976745605,14.76,15.0,0.2400000000000002,4.966
144.8592927455902,14.78,15.0,0.22000000000000064,4.995
144.91258907318115,14.73,15.0,0.2699999999999996,4.985
144.9660665988922,14.68,15.0,0.3200000000000003,5.024
145.08946132659912,14.68,15.0,0.3200000000000003,4.966
145.19501376152039,14.66,15.0,0.33999999999999986,5.005
145.30171513557434,14.78,15.0,0.22000000000000064,4.976
145.4794361591339,14.83,15.0,0.16999999999999993,4.985
145.58452987670898,14.76,5.0,-9.76,4.966
145.63773131370544,14.78,5.0,-9.78,5.005
145.81511116027832,13.14,5.0,-8.14,0.215
145.92076468467712,10.19,5.0,-5.1899999999999995,0.166
146.1556270122528,3.03,5.0,1.9700000000000002,5.982
146.42017436027527,5.84,5.0,-0.8399999999999999,3.978
146.46883010864258,5.59,5.0,-0.5899999999999999,3.998
146.68815851211548,4.25,5.0,0.75,5.572
146.95292329788208,5.13,5.0,-0.1299999999999999,4.614
147.001615524292,5.13,5.0,-0.1299999999999999,4.663
147.20375728607178,5.18,5.0,-0.17999999999999972,4.692
147.46934604644775,5.22,5.0,-0.21999999999999975,4.663
147.73678946495056,5.15,5.0,-0.15000000000000036,4.624
148.00246453285217,5.1,5.0,-0.09999999999999964,4.633
148.26885890960693,5.08,5.0,-0.08000000000000007,4.633
148.53534936904907,5.1,5.0,-0.09999999999999964,4.653
148.80284667015076,5.15,5.0,-0.15000000000000036,4.604
149.05162239074707,5.18,5.0,-0.17999999999999972,4.643
149.31814885139465,5.2,5.0,-0.20000000000000018,4.614
149.58416509628296,5.15,5.0,-0.15000000000000036,4.633
149.85022258758545,5.0,5.0,0.0,4.604
150.1168053150177,5.05,5.0,-0.04999999999999982,4.702
150.38243055343628,4.88,5.0,0.1200000000000001,5.005
150.63242840766907,4.74,5.0,0.2599999999999998,4.966
150.89992904663086,4.81,5.0,0.1900000000000004,4.985
151.16472148895264,4.76,5.0,0.2400000000000002,4.985
151.43144273757935,4.81,5.0,0.1900000000000004,5.005
151.69728088378906,4.74,5.0,0.2599999999999998,4.956
151.96435618400574,4.78,5.0,0.21999999999999975,4.976
152.21339511871338,4.74,5.0,0.2599999999999998,4.927
152.4802725315094,4.83,5.0,0.16999999999999993,4.966
152.7462501525879,4.81,5.0,0.1900000000000004,5.005
153.01305484771729,4.76,5.0,0.2400000000000002,4.917
153.27733373641968,4.86,5.0,0.13999999999999968,4.995
153.54372096061707,4.71,5.0,0.29000000000000004,4.976
153.59634613990784,4.69,5.0,0.3099999999999996,4.966
153.81107473373413,4.78,5.0,0.21999999999999975,5.015
154.0598340034485,4.76,5.0,0.2400000000000002,4.995
154.11131072044373,4.78,5.0,0.21999999999999975,4.985
154.328280210495,4.76,5.0,0.2400000000000002,5.015
154.5918571949005,4.78,5.0,0.21999999999999975,5.005
154.86016964912415,4.78,5.0,0.21999999999999975,5.015
155.12544226646423,4.74,5.0,0.2599999999999998,5.024
155.39314246177673,4.76,5.0,0.2400000000000002,5.034
155.6415250301361,4.86,5.0,0.13999999999999968,5.044
155.9091818332672,4.81,5.0,0.1900000000000004,4.995
156.17386317253113,4.76,5.0,0.2400000000000002,5.054
156.44147777557373,4.69,5.0,0.3099999999999996,4.995
156.70612287521362,4.81,5.0,0.1900000000000004,5.024
156.973548412323,4.83,5.0,0.16999999999999993,5.015
157.22254943847656,4.71,5.0,0.29000000000000004,5.024
157.4899938106537,4.76,5.0,0.2400000000000002,4.995
157.75489902496338,4.81,5.0,0.1900000000000004,5.005
158.0214192867279,4.76,5.0,0.2400000000000002,4.995
158.28752875328064,4.78,5.0,0.21999999999999975,5.034
158.55500411987305,4.74,5.0,0.2599999999999998,4.976
158.8199520111084,4.83,5.0,0.16999999999999993,4.966
159.07101774215698,4.81,5.0,0.1900000000000004,4.985
159.336186170578,4.76,5.0,0.2400000000000002,5.015
159.60355377197266,4.83,5.0,0.16999999999999993,5.064
159.86853861808777,4.69,5.0,0.3099999999999996,4.985
159.91803312301636,4.71,5.0,0.29000000000000004,5.015
160.13609313964844,4.81,5.0,0.1900000000000004,5.024
160.40170884132385,4.78,5.0,0.21999999999999975,4.995
160.65213871002197,4.86,5.0,0.13999999999999968,5.015
160.91713857650757,4.91,5.0,0.08999999999999986,5.044
161.1847116947174,4.71,5.0,0.29000000000000004,5.024
161.44957566261292,4.78,5.0,0.21999999999999975,5.005
161.71549463272095,4.71,5.0,0.29000000000000004,5.064
161.7643439769745,4.74,5.0,0.2599999999999998,5.034
161.98339319229126,4.69,5.0,0.3099999999999996,4.985
162.2495858669281,4.83,5.0,0.16999999999999993,5.005
162.4989619255066,4.78,5.0,0.21999999999999975,5.044
162.7659010887146,4.81,5.0,0.1900000000000004,4.995
162.84823560714722,4.78,15.0,10.219999999999999,5.034
163.03213477134705,5.25,15.0,9.75,8.553
163.2169280052185,10.63,15.0,4.369999999999999,8.798
163.3216209411621,14.63,15.0,0.3699999999999992,6.755
163.37671065330505,16.39,15.0,-1.3900000000000006,4.555
163.6053695678711,13.51,15.0,1.4900000000000002,6.149
163.71058583259583,14.41,15.0,0.5899999999999999,6.256
163.76387882232666,16.27,15.0,-1.2699999999999996,4.643
163.81724643707275,16.64,15.0,-1.6400000000000006,3.109
163.94048285484314,14.12,15.0,0.8800000000000008,4.526
164.0465795993805,13.48,15.0,1.5199999999999996,6.549
164.09938168525696,14.51,15.0,0.4900000000000002,6.197
164.15314841270447,16.34,15.0,-1.3399999999999999,4.497
164.33011507987976,14.05,15.0,0.9499999999999993,4.663
164.4354269504547,13.56,15.0,1.4399999999999995,6.471
164.48846530914307,14.61,15.0,0.39000000000000057,6.07
164.54170489311218,16.39,15.0,-1.3900000000000006,4.37
164.66542100906372,15.46,15.0,-0.46000000000000085,3.412
164.77137160301208,13.61,15.0,1.3900000000000006,6.217
164.87865543365479,14.76,15.0,0.2400000000000002,6.07
165.05591678619385,15.32,15.0,-0.3200000000000003,3.451
165.16172647476196,13.53,15.0,1.4700000000000006,6.256
165.2665891647339,14.95,15.0,0.05000000000000071,5.904
165.39125561714172,16.34,15.0,-1.3399999999999999,3.03
165.49614596366882,13.68,15.0,1.3200000000000003,5.122
165.54960918426514,13.56,15.0,1.4399999999999995,6.305
165.60336589813232,13.63,15.0,1.3699999999999992,6.432
165.72647666931152,16.47,15.0,-1.4699999999999989,3.431
165.8334517478943,15.2,15.0,-0.1999999999999993,3.705
165.9395728111267,13.44,15.0,1.5600000000000005,6.364
166.11592936515808,16.61,15.0,-1.6099999999999994,3.284
166.22140073776245,15.07,15.0,-0.07000000000000028,3.558
166.2745795249939,13.58,15.0,1.42,5.367
166.32778692245483,13.48,15.0,1.5199999999999996,6.442
166.45090174674988,15.98,15.0,-0.9800000000000004,5.044
166.5572214126587,16.25,15.0,-1.25,3.021
166.66452479362488,13.56,15.0,1.4399999999999995,5.543
166.84213995933533,16.12,15.0,-1.120000000000001,4.712
166.94643020629883,16.12,15.0,-1.120000000000001,3.118
167.0010120868683,14.71,15.0,0.28999999999999915,4.018
167.17724227905273,14.44,15.0,0.5600000000000005,6.237
167.28274631500244,16.59,15.0,-1.5899999999999999,3.177
167.33573007583618,16.05,15.0,-1.0500000000000007,2.981
167.389155626297,14.56,15.0,0.4399999999999995,4.135
167.443190574646,13.46,15.0,1.5399999999999991,5.914
167.56530785560608,14.83,15.0,0.16999999999999993,6.041
167.61825489997864,16.47,15.0,-1.4699999999999989,4.174
167.6712417602539,16.47,15.0,-1.4699999999999989,3.089
167.72466468811035,15.81,15.0,-0.8100000000000005,3.206
167.77832961082458,14.14,15.0,0.8599999999999994,4.536
167.90132427215576,13.7,15.0,1.3000000000000007,6.53
168.007488489151,16.49,15.0,-1.4899999999999984,3.812
168.11389899253845,15.51,15.0,-0.5099999999999998,3.353
168.16741585731506,13.83,15.0,1.17,4.79
168.29015135765076,13.85,15.0,1.1500000000000004,6.442
168.39724826812744,16.56,15.0,-1.5599999999999987,3.646
168.50299978256226,15.29,15.0,-0.28999999999999915,3.48
168.62602043151855,13.48,15.0,1.5199999999999996,6.461
168.73359894752502,15.68,15.0,-0.6799999999999997,5.249
168.83924317359924,16.39,15.0,-1.3900000000000006,3.001
168.8920543193817,15.15,15.0,-0.15000000000000036,3.597
169.0156536102295,13.46,15.0,1.5399999999999991,6.51
169.12192249298096,15.95,15.0,-0.9499999999999993,5.044
169.175306558609,16.49,15.0,-1.4899999999999984,3.402
169.35307574272156,13.53,15.0,1.4700000000000006,6.002
169.45754051208496,14.39,15.0,0.6099999999999994,6.285
169.5639612674713,16.54,15.0,-1.5399999999999991,3.226
169.73987221717834,13.41,15.0,1.5899999999999999,6.149
169.84752416610718,14.58,15.0,0.41999999999999993,6.08
169.95393538475037,16.52,15.0,-1.5199999999999996,3.118
170.07590293884277,13.97,15.0,1.0299999999999994,4.858
170.12921023368835,13.51,15.0,1.4900000000000002,6.295
170.1824746131897,13.48,15.0,1.5199999999999996,6.549
170.2363796234131,14.88,15.0,0.11999999999999922,6.012
170.34301686286926,16.56,15.0,-1.5599999999999987,3.06
170.46572756767273,13.7,15.0,1.3000000000000007,5.073
170.57244729995728,13.61,15.0,1.3900000000000006,6.588
170.6791319847107,16.59,15.0,-1.5899999999999999,3.851
170.8018183708191,15.07,15.0,-0.07000000000000028,3.705
170.9072663784027,13.41,15.0,1.5899999999999999,6.5
171.01490020751953,15.46,15.0,-0.46000000000000085,5.533
171.19141006469727,14.54,15.0,0.46000000000000085,3.851
171.29636812210083,13.56,15.0,1.4399999999999995,6.461
171.35023641586304,13.92,15.0,1.08,6.422
171.40540981292725,15.78,15.0,-0.7799999999999994,5.23
171.52626037597656,15.95,15.0,-0.9499999999999993,3.011
171.63291549682617,13.34,15.0,1.6600000000000001,6.002
171.6861662864685,13.48,15.0,1.5199999999999996,6.52
171.73955941200256,14.27,15.0,0.7300000000000004,6.344
171.79229998588562,16.2,15.0,-1.1999999999999993,4.741
171.91624999046326,15.78,15.0,-0.7799999999999994,3.177
172.02203249931335,13.44,15.0,1.5600000000000005,6.119
172.07497334480286,13.48,15.0,1.5199999999999996,6.579
172.12873435020447,14.58,15.0,0.41999999999999993,6.266
172.25152921676636,16.54,15.0,-1.5399999999999991,3.011
172.35750269889832,13.85,15.0,1.1500000000000004,4.78
172.41120839118958,13.53,15.0,1.4700000000000006,6.266
172.46482157707214,13.58,15.0,1.42,6.579
172.63993525505066,16.47,15.0,-1.4699999999999989,2.972
172.6932029724121,15.22,15.0,-0.22000000000000064,3.529
172.74903106689453,13.73,15.0,1.2699999999999996,5.171
172.80207896232605,13.46,15.0,1.5399999999999991,6.393
172.85532212257385,13.68,15.0,1.3200000000000003,6.628
172.97566437721252,16.61,15.0,-1.6099999999999994,3.236
173.02888584136963,16.2,15.0,-1.1999999999999993,2.893
173.1354615688324,13.56,15.0,1.4399999999999995,5.474
173.18886590003967,13.39,15.0,1.6099999999999994,6.5
173.24312448501587,13.75,15.0,1.25,6.588
173.3647665977478,16.61,15.0,-1.6099999999999994,3.138
173.41799926757812,16.2,15.0,-1.1999999999999993,2.903
173.47126531600952,14.63,15.0,0.3699999999999992,3.959
173.57777619361877,13.41,15.0,1.5899999999999999,6.569
173.70073127746582,16.49,15.0,-1.4899999999999984,4.36
173.75385308265686,16.54,15.0,-1.5399999999999991,3.011
173.80754685401917,15.95,15.0,-0.9499999999999993,3.06
173.86064410209656,14.34,15.0,0.6600000000000001,4.291
173.9136881828308,13.46,15.0,1.5399999999999991,6.178
173.97030758857727,13.39,15.0,1.6099999999999994,6.598
174.09011816978455,16.66,15.0,-1.6600000000000001,3.92
174.196519613266,15.71,15.0,-0.7100000000000009,3.216
174.30306959152222,13.46,15.0,1.5399999999999991,6.237
174.42572808265686,15.39,15.0,-0.39000000000000057,5.65
174.4789216518402,16.66,15.0,-1.6600000000000001,3.607
174.5345983505249,16.49,15.0,-1.4899999999999984,2.874
174.6389718055725,13.78,15.0,1.2200000000000006,5.005
174.6919858455658,13.44,15.0,1.5600000000000005,6.344
174.81488847732544,15.78,15.0,-0.7799999999999994,5.337
174.86811757087708,16.56,15.0,-1.5599999999999987,3.324
174.92381191253662,16.47,15.0,-1.4699999999999989,2.874
175.02787065505981,13.63,15.0,1.3699999999999992,5.464
175.15080332756042,14.36,15.0,0.6400000000000006,6.315
175.2573001384735,16.52,15.0,-1.5199999999999996,3.236
175.31055235862732,16.08,15.0,-1.0799999999999983,3.06
175.3638150691986,14.83,15.0,0.16999999999999993,4.164
175.41692805290222,13.53,15.0,1.4700000000000006,5.777
175.54013633728027,14.68,15.0,0.3200000000000003,6.08
175.646390914917,16.56,15.0,-1.5599999999999987,3.099
175.6996078491211,15.93,15.0,-0.9299999999999997,3.109
175.7528431415558,14.22,15.0,0.7799999999999994,4.428
175.87588167190552,13.58,15.0,1.42,6.628
175.92909693717957,15.2,15.0,-0.1999999999999993,5.806
175.9823124408722,16.56,15.0,-1.5599999999999987,3.803
176.08902645111084,15.61,15.0,-0.6099999999999994,3.245
176.1420543193817,13.9,15.0,1.0999999999999996,4.761
176.26497554779053,13.85,15.0,1.1500000000000004,6.549
176.31828236579895,15.59,15.0,-0.5899999999999999,5.464
176.37216138839722,16.49,15.0,-1.4899999999999984,3.48
176.42467069625854,16.37,15.0,-1.370000000000001,2.972
176.4779815673828,15.34,15.0,-0.33999999999999986,3.597
176.6009397506714,13.48,15.0,1.5199999999999996,6.549
176.70733499526978,15.98,15.0,-0.9800000000000004,5.191
176.76054453849792,16.69,15.0,-1.6900000000000013,3.167
176.8141577243805,16.56,15.0,-1.5599999999999987,2.757
176.86701679229736,14.98,15.0,0.019999999999999574,3.636
176.99021315574646,13.46,15.0,1.5399999999999991,6.598
177.04324197769165,14.32,15.0,0.6799999999999997,6.344
177.14980554580688,16.42,15.0,-1.4200000000000017,3.148
177.2029891014099,16.03,15.0,-1.0300000000000011,2.991
177.32594513893127,13.44,15.0,1.5600000000000005,6.217
177.3790853023529,13.53,15.0,1.4700000000000006,6.549
177.43237447738647,14.66,15.0,0.33999999999999986,6.139
177.48561644554138,16.52,15.0,-1.5199999999999996,4.291
177.5419728755951,16.64,15.0,-1.6400000000000006,3.021
177.71502447128296,13.51,15.0,1.4900000000000002,6.383
177.77061486244202,13.78,15.0,1.2200000000000006,6.559
177.82188892364502,15.2,15.0,-0.1999999999999993,5.767
177.87500286102295,16.59,15.0,-1.5899999999999999,3.773
177.92823362350464,16.52,15.0,-1.5199999999999996,2.933
178.05250334739685,13.53,15.0,1.4700000000000006,5.484
178.1588306427002,13.88,15.0,1.1199999999999992,6.52
178.26564002037048,16.49,15.0,-1.4899999999999984,3.412
178.44209837913513,13.46,15.0,1.5399999999999991,5.924
178.54738330841064,14.17,15.0,0.8300000000000001,6.461
178.60179591178894,16.17,15.0,-1.1700000000000017,4.907
178.77779936790466,14.27,15.0,0.7300000000000004,4.428
178.88291335105896,13.51,15.0,1.4900000000000002,6.637
178.93616795539856,14.63,15.0,0.3699999999999992,6.266
178.9892816543579,16.54,15.0,-1.5399999999999991,4.399
179.04485607147217,16.56,15.0,-1.5599999999999987,3.03
179.16596579551697,13.73,15.0,1.2699999999999996,4.976
179.27261972427368,13.73,15.0,1.2699999999999996,6.618
179.3433563709259,15.86,5.0,-10.86,5.21
179.50324726104736,14.8,5.0,-9.8,0.45
179.60795640945435,11.8,5.0,-6.800000000000001,0.176
179.71033310890198,8.74,5.0,-3.74,0.166
179.75978899002075,6.96,5.0,-1.96,1.046
179.97786021232605,4.05,5.0,0.9500000000000002,6.755
180.24359250068665,3.61,5.0,1.3900000000000001,5.142
180.49348068237305,6.03,5.0,-1.0300000000000002,3.773
180.75925993919373,4.74,5.0,0.2599999999999998,5.826
181.02679300308228,3.54,5.0,1.46,5.914
181.2919216156006,5.76,5.0,-0.7599999999999998,3.724
181.5587170124054,5.71,5.0,-0.71,4.809
181.82503962516785,3.44,5.0,1.56,6.334
182.09173703193665,5.35,5.0,-0.34999999999999964,3.9
182.3403913974762,5.81,5.0,-0.8099999999999996,4.438
182.60768580436707,3.78,5.0,1.2200000000000002,6.237
182.87388825416565,5.03,5.0,-0.03000000000000025,4.066
183.14019656181335,5.59,5.0,-0.5899999999999999,4.291
183.40738034248352,4.15,5.0,0.8499999999999996,5.709
183.67321825027466,5.4,5.0,-0.40000000000000036,4.233
183.9231915473938,4.59,5.0,0.41000000000000014,5.083
184.18937420845032,4.71,5.0,0.29000000000000004,5.152
184.4545967578888,4.59,5.0,0.41000000000000014,5.161
184.72088265419006,4.66,5.0,0.33999999999999986,5.122
184.986829996109,4.64,5.0,0.3600000000000003,5.132
185.2538182735443,4.66,5.0,0.33999999999999986,5.152
185.50247621536255,4.61,5.0,0.3899999999999997,5.2
185.56833267211914,4.64,5.0,0.3600000000000003,5.181
185.7684395313263,4.88,5.0,0.1200000000000001,5.024
186.03511142730713,4.98,5.0,0.019999999999999574,4.809
186.08657050132751,4.96,5.0,0.040000000000000036,4.819
186.30244731903076,4.98,5.0,0.019999999999999574,4.848
186.56747794151306,4.96,5.0,0.040000000000000036,4.829
186.61944365501404,4.91,5.0,0.08999999999999986,4.78
186.83557653427124,5.0,5.0,0.0,4.78
187.10022926330566,5.0,5.0,0.0,4.848
187.3514666557312,5.0,5.0,0.0,4.839
187.61710405349731,4.88,5.0,0.1200000000000001,4.8
187.88201260566711,4.91,5.0,0.08999999999999986,4.839
187.93129706382751,5.0,5.0,0.0,4.8
188.14843249320984,4.86,5.0,0.13999999999999968,4.8
188.1977822780609,4.98,5.0,0.019999999999999574,4.79
188.41635656356812,4.91,5.0,0.08999999999999986,4.819
188.6810998916626,4.91,5.0,0.08999999999999986,4.819
188.9312767982483,4.96,5.0,0.040000000000000036,4.897
189.19756698608398,4.91,5.0,0.08999999999999986,4.78
189.24956107139587,4.93,5.0,0.07000000000000028,4.77
189.46527695655823,4.93,5.0,0.07000000000000028,4.868
189.73004007339478,4.78,5.0,0.21999999999999975,4.77
189.77928352355957,4.91,5.0,0.08999999999999986,4.809
189.99763584136963,4.96,5.0,0.040000000000000036,4.829
190.26247882843018,4.96,5.0,0.040000000000000036,4.78
190.5302710533142,4.96,5.0,0.040000000000000036,4.819
190.77870512008667,4.91,5.0,0.08999999999999986,4.8
191.04653573036194,4.98,5.0,0.019999999999999574,4.839
191.31087040901184,4.93,5.0,0.07000000000000028,4.8
191.36006474494934,4.91,5.0,0.08999999999999986,4.819
191.57966017723083,4.98,5.0,0.019999999999999574,4.829
191.84377241134644,4.83,5.0,0.16999999999999993,4.79
192.11184883117676,5.0,5.0,0.0,4.878
192.35987067222595,4.91,5.0,0.08999999999999986,4.809
192.40830850601196,5.03,5.0,-0.03000000000000025,4.809
192.62709593772888,4.86,5.0,0.13999999999999968,4.819
192.8920135498047,4.96,5.0,0.040000000000000036,4.8
192.94414591789246,4.91,5.0,0.08999999999999986,4.8
193.15966415405273,4.93,5.0,0.07000000000000028,4.809
193.42489981651306,5.0,5.0,0.0,4.819
193.47548508644104,4.98,5.0,0.019999999999999574,4.848
193.6920735836029,4.91,5.0,0.08999999999999986,4.829
193.95714664459229,4.81,5.0,0.1900000000000004,4.79
194.20800924301147,4.93,5.0,0.07000000000000028,4.78
194.4735291004181,5.05,5.0,-0.04999999999999982,4.829
194.5241458415985,4.96,5.0,0.040000000000000036,4.839
194.74079775810242,4.88,5.0,0.1200000000000001,4.848
195.00581574440002,5.03,5.0,-0.03000000000000025,4.839
195.05662727355957,5.0,5.0,0.0,4.819
195.27322602272034,4.96,5.0,0.040000000000000036,4.8
195.53801369667053,4.91,5.0,0.08999999999999986,4.848
195.58707737922668,4.93,5.0,0.07000000000000028,4.819
195.78931283950806,4.83,5.0,0.16999999999999993,4.8
196.054137468338,4.96,5.0,0.040000000000000036,4.8
196.1046187877655,4.96,5.0,0.040000000000000036,4.819
196.32217574119568,4.96,5.0,0.040000000000000036,4.858
196.5871832370758,4.98,5.0,0.019999999999999574,4.809
196.63603734970093,4.93,5.0,0.07000000000000028,4.839
196.85541009902954,4.91,5.0,0.08999999999999986,4.809
197.1199541091919,4.93,5.0,0.07000000000000028,4.829
197.16807627677917,4.98,5.0,0.019999999999999574,4.868
197.3696460723877,5.03,5.0,-0.03000000000000025,4.858
197.4180166721344,4.91,5.0,0.08999999999999986,4.829
197.63650965690613,4.93,5.0,0.07000000000000028,4.829
197.9038064479828,4.91,5.0,0.08999999999999986,4.829
198.16861414909363,4.93,5.0,0.07000000000000028,4.848
198.2182219028473,4.91,5.0,0.08999999999999986,4.809
198.4363396167755,4.98,5.0,0.019999999999999574,4.819
198.7015037536621,4.93,5.0,0.07000000000000028,4.8
198.7504539489746,4.86,5.0,0.13999999999999968,4.8
198.96858525276184,4.96,5.0,0.040000000000000036,4.839
199.2170650959015,4.93,5.0,0.07000000000000028,4.839
199.48533582687378,4.93,5.0,0.07000000000000028,4.8
199.7496862411499,4.96,5.0,0.040000000000000036,4.819
199.80176877975464,4.93,5.0,0.07000000000000028,4.829
200.0172529220581,4.91,5.0,0.08999999999999986,4.809
200.28197646141052,4.98,5.0,0.019999999999999574,4.829
200.54895067214966,4.96,5.0,0.040000000000000036,4.819
200.79813838005066,5.03,5.0,-0.03000000000000025,4.819
200.84658193588257,4.93,5.0,0.07000000000000028,4.819
201.0659317970276,4.93,5.0,0.07000000000000028,4.888
201.3306794166565,4.93,5.0,0.07000000000000028,4.809
201.38223838806152,5.0,5.0,0.0,4.868
201.59836316108704,4.96,5.0,0.040000000000000036,4.79
201.863196849823,4.91,5.0,0.08999999999999986,4.809
201.9124083518982,5.03,5.0,-0.03000000000000025,4.839
202.13050651550293,4.88,5.0,0.1200000000000001,4.79
202.37889409065247,4.96,5.0,0.040000000000000036,4.8
202.44648838043213,4.96,5.0,0.040000000000000036,4.839
202.64695262908936,4.91,5.0,0.08999999999999986,4.809
202.9114170074463,4.91,5.0,0.08999999999999986,4.839
202.9639573097229,4.91,5.0,0.08999999999999986,4.809
203.17951083183289,4.96,5.0,0.040000000000000036,4.809
203.44506978988647,4.91,5.0,0.08999999999999986,4.8
203.71207737922668,4.98,5.0,0.019999999999999574,4.829
203.9778470993042,5.05,5.0,-0.04999999999999982,4.78
204.22801852226257,5.0,5.0,0.0,4.878
204.49439239501953,4.98,5.0,0.019999999999999574,4.858
204.76094436645508,4.91,5.0,0.08999999999999986,4.829
205.02687644958496,4.96,5.0,0.040000000000000036,4.809
205.29303097724915,4.98,5.0,0.019999999999999574,4.8
205.55929446220398,4.96,5.0,0.040000000000000036,4.79
205.8090305328369,4.86,5.0,0.13999999999999968,4.8
206.07491278648376,4.98,5.0,0.019999999999999574,4.8
206.3414545059204,4.88,5.0,0.1200000000000001,4.819
206.60747838020325,4.93,5.0,0.07000000000000028,4.819
206.8732054233551,4.86,5.0,0.13999999999999968,4.79
207.14013504981995,4.93,5.0,0.07000000000000028,4.878
207.38859009742737,4.96,5.0,0.040000000000000036,4.809
207.44004011154175,4.93,5.0,0.07000000000000028,4.761
207.65658164024353,4.96,5.0,0.040000000000000036,4.819
207.92184591293335,4.98,5.0,0.019999999999999574,4.848
208.18917751312256,5.1,5.0,-0.09999999999999964,4.79
208.45390272140503,4.96,5.0,0.040000000000000036,4.819
208.72172260284424,4.98,5.0,0.019999999999999574,4.878
209.0352098941803,4.91,5.0,0.08999999999999986,4.8
209.76980304718018,4.93,5.0,0.07000000000000028,4.868
210.0354528427124,4.91,5.0,0.08999999999999986,4.78
210.30328059196472,4.93,5.0,0.07000000000000028,4.809
210.56821203231812,4.88,5.0,0.1200000000000001,4.78
210.58434557914734,4.96,5.0,0.040000000000000036,4.839
210.81942415237427,4.93,5.0,0.07000000000000028,4.839
211.0837996006012,4.91,5.0,0.08999999999999986,4.8
211.13640594482422,4.96,5.0,0.040000000000000036,4.829
211.35197591781616,4.96,5.0,0.040000000000000036,4.79
211.38296675682068,4.91,5.0,0.08999999999999986,4.78
211.61681461334229,4.96,5.0,0.040000000000000036,4.819
211.88480043411255,4.93,5.0,0.07000000000000028,4.839
212.15000200271606,4.98,5.0,0.019999999999999574,4.8
212.4160554409027,4.93,5.0,0.07000000000000028,4.839
212.6651029586792,4.88,5.0,0.1200000000000001,4.819
212.93266320228577,4.93,5.0,0.07000000000000028,4.79
213.1977617740631,4.98,5.0,0.019999999999999574,4.839
213.46390914916992,4.93,5.0,0.07000000000000028,4.819
213.73032069206238,4.98,5.0,0.019999999999999574,4.848
213.9977536201477,4.91,5.0,0.08999999999999986,4.8
214.2467691898346,4.96,5.0,0.040000000000000036,4.819
214.5138075351715,5.03,5.0,-0.03000000000000025,4.79
214.77914690971375,4.88,5.0,0.1200000000000001,4.819
215.04642629623413,4.96,5.0,0.040000000000000036,4.79
215.3123106956482,4.93,5.0,0.07000000000000028,4.809
215.5790455341339,4.88,5.0,0.1200000000000001,4.848
215.82726860046387,4.91,5.0,0.08999999999999986,4.77
215.87591814994812,4.96,5.0,0.040000000000000036,4.79
216.09481835365295,4.93,5.0,0.07000000000000028,4.829
216.1113154888153,4.98,5.0,0.019999999999999574,4.839
216.35982394218445,4.98,5.0,0.019999999999999574,4.809
216.62694120407104,4.98,5.0,0.019999999999999574,4.848
216.8937542438507,4.93,5.0,0.07000000000000028,4.829
217.16005992889404,4.96,5.0,0.040000000000000036,4.829
217.4258427619934,4.88,5.0,0.1200000000000001,4.819
217.67607617378235,4.98,5.0,0.019999999999999574,4.8
217.942134141922,4.98,5.0,0.019999999999999574,4.839
218.20867252349854,5.0,5.0,0.0,4.819
218.473646402359,4.96,5.0,0.040000000000000036,4.858
218.74060559272766,4.93,5.0,0.07000000000000028,4.829
219.00696563720703,4.98,5.0,0.019999999999999574,4.819
219.25651860237122,4.91,5.0,0.08999999999999986,4.819
219.5228168964386,4.78,5.0,0.21999999999999975,4.848
219.7892928123474,4.96,5.0,0.040000000000000036,4.839
